{"cheat": true, "scheme1": {"enc": [0.15768329100683331, 0.15601174999028444, 0.1558400420472026, 0.15588808397296816, 0.15542758302763104, 0.15580491698347032, 0.1555404580431059, 0.15591754100751132, 0.1552884589182213, 0.15517312509473413, 0.15542162500787526, 0.155483333976008, 0.15959529194515198, 0.15690066700335592, 0.1563862090697512, 0.1599791250191629, 0.15825508395209908, 0.16623479092959315, 0.15777654096018523, 0.16201675008051097, 0.15760662499815226, 0.16385233297478408, 0.15823537507094443, 0.1614165409700945, 0.16460616700351238, 0.15996075002476573, 0.158469625050202, 0.15803162497468293, 0.15763824991881847, 0.1585776669671759, 0.15848191699478775, 0.16020854201633483, 0.15526779100764543, 0.15829120809212327, 0.15793254098389298, 0.15760208398569375, 0.15794854098930955, 0.1583652920089662, 0.15893087501171976, 0.15740349993575364, 0.15554954204708338, 0.15601174999028444, 0.15735962498001754, 0.1559344589477405, 0.15528487507253885, 0.1554691669298336, 0.1562067080521956, 0.15553191700018942, 0.1608823329443112, 0.15541608294006437], "dec": [0.23174920899327844, 0.23167308396659791, 0.2338201670208946, 0.2355075409868732, 0.23201795807108283, 0.23332912498153746, 0.23163233301602304, 0.23154258402064443, 0.23123675002716482, 0.23109883395954967, 0.23121250001713634, 0.23255458299536258, 0.23519841709639877, 0.2398161250166595, 0.2373844999819994, 0.23304929095320404, 0.2386359580559656, 0.23846700007561594, 0.23955841700080782, 0.23507762502413243, 0.23596762504894286, 0.24722329201176763, 0.23660141602158546, 0.23643212509341538, 0.23983587499242276, 0.23555245902389288, 0.23507416702341288, 0.23445504205301404, 0.23506383306812495, 0.2357305830810219, 0.234878292074427, 0.23153566604014486, 0.2384298340184614, 0.23660312499850988, 0.23527933401055634, 0.23446679103653878, 0.23559024999849498, 0.23565033299382776, 0.23536891594994813, 0.23247487505432218, 0.231540665961802, 0.2328177500749007, 0.231824874994345, 0.23222037497907877, 0.23113745893351734, 0.23191108310129493, 0.23558304202742875, 0.23836679209489375, 0.23425208404660225, 0.23389787506312132]}, "scheme3": {"enc": [0.15091141697485, 0.15117499988991767, 0.15550908399745822, 0.15815350005868822, 0.15295695909298956, 0.15374266600701958, 0.1533332500839606, 0.15356779098510742, 0.15432137495372444, 0.15448845899663866, 0.1529911661054939, 0.15412487497087568, 0.15256583306472749, 0.15338308399077505, 0.15310925000812858, 0.15269787493161857, 0.15316137508489192, 0.15058495802804828, 0.15599374996963888, 0.15994637494441122, 0.1537984589813277, 0.15346283302642405, 0.15297066699713469, 0.15311891702003777, 0.15286799997556955, 0.15390712500084192, 0.1555729159153998, 0.15403920807875693, 0.15273074992001057, 0.15287770796567202, 0.15305800002533942, 0.1516280840151012, 0.15044804196804762, 0.15150050004012883, 0.15020587493199855, 0.15076158405281603, 0.15103570802602917, 0.15081708296202123, 0.1511356249684468, 0.15032912499736995, 0.1505591250024736, 0.15041570900939405, 0.15030437498353422, 0.15046670800074935, 0.15082358301151544, 0.1505260419799015, 0.15017166594043374, 0.150622499990277, 0.15034900000318885, 0.15042645891662687], "dec": [0.04239825007971376, 0.04441379208583385, 0.043049750034697354, 0.043230207986198366, 0.04322074993979186, 0.043208374991081655, 0.04324220889247954, 0.04320362501312047, 0.043373667052946985, 0.04300870804581791, 0.042975874966941774, 0.043092167004942894, 0.04313725000247359, 0.04316712496802211, 0.04303408297710121, 0.04249462496954948, 0.04312529193703085, 0.04361929197330028, 0.04344158305320889, 0.04342741705477238, 0.04313979099970311, 0.04309466702397913, 0.04315362498164177, 0.04299674998037517, 0.04311900003813207, 0.04323912505060434, 0.043059834046289325, 0.043062041979283094, 0.043088791077025235, 0.04298466700129211, 0.04299062490463257, 0.042380166007205844, 0.042342124972492456, 0.04234795900993049, 0.04240112495608628, 0.04232179094105959, 0.043059707968495786, 0.04244041710626334, 0.04233774996828288, 0.04239091696217656, 0.04234395804814994, 0.042436957941390574, 0.042351749958470464, 0.04230770899448544, 0.04230316705070436, 0.042501040967181325, 0.04229191702324897, 0.042338666040450335, 0.04235162492841482, 0.042320540989749134]}, "opt1": {"enc": [0.14884308306500316, 0.1489183750236407, 0.14846270892303437, 0.14846483303699642, 0.14869470801204443, 0.14870462496764958, 0.14853758399840444, 0.14858058304525912, 0.14866533398162574, 0.14906270802021027, 0.14852979104034603, 0.14845945802517235, 0.14857170800678432, 0.148384541971609, 0.14877674996387213, 0.1486587499966845, 0.14876504195854068, 0.1485817920183763, 0.1492397499969229, 0.14844074996653944, 0.1492494159610942, 0.14870945794973522, 0.14856587501708418, 0.14837662503123283, 0.14849470800254494, 0.14849166700150818, 0.14864195906557143, 0.1485730418935418, 0.14843049994669855, 0.1488005000865087, 0.14885137497913092, 0.14853074995335191, 0.14857737498823553, 0.14863625005818903, 0.14850524999201298, 0.1488160421140492, 0.14878487505484372, 0.14857433293946087, 0.14826837496366352, 0.14837466704193503, 0.14840745890978724, 0.14858166698832065, 0.1485862919362262, 0.14841483300551772, 0.14835274999495596, 0.1485101250000298, 0.14854458393529058, 0.14853566698729992, 0.148454042035155, 0.148630625102669], "dec": [0.042283999966457486, 0.04225545795634389, 0.04227408301085234, 0.04229666700121015, 0.042280957917682827, 0.04230362502858043, 0.04231124999932945, 0.0423048329539597, 0.042254958068951964, 0.04226779192686081, 0.04244754195678979, 0.04232066695112735, 0.0423422500025481, 0.04227704193908721, 0.04227229207754135, 0.04227883298881352, 0.04226966598071158, 0.042275333078578115, 0.04230495891533792, 0.04229179199319333, 0.042269625002518296, 0.04225116700399667, 0.04227516590617597, 0.042218999937176704, 0.04229912499431521, 0.04235308291390538, 0.04229416593443602, 0.04234195803292096, 0.042329666088335216, 0.04226695792749524, 0.042269333032891154, 0.042477334034629166, 0.04227516695391387, 0.04225116700399667, 0.0422733339946717, 0.042436957941390574, 0.04225083300843835, 0.04228325001895428, 0.04227812506724149, 0.04235195799265057, 0.042254958068951964, 0.04227829200681299, 0.042258791043423116, 0.04226675000973046, 0.04227516707032919, 0.04233558301348239, 0.04236929106991738, 0.04225037503056228, 0.04230712493881583, 0.04224604193586856]}, "opt2": {"enc": [0.0033703750232234597, 0.003291208064183593, 0.003527750028297305, 0.0029936659848317504, 0.0026973749045282602, 0.0034604999236762524, 0.0030493750236928463, 0.003355249995365739, 0.0032224999740719795, 0.003523792023770511, 0.003398749977350235, 0.003182999906130135, 0.002990082954056561, 0.003471874981187284, 0.003287124913185835, 0.003469709074124694, 0.003487291978672147, 0.0033616659929975867, 0.0033536250703036785, 0.0037738330429419875, 0.003315957961603999, 0.0034882499603554606, 0.003052875050343573, 0.0033515830291435122, 0.0031441670143976808, 0.003406542004086077, 0.003112833946943283, 0.0034525420051068068, 0.003341666073538363, 0.003498333040624857, 0.0035282920580357313, 0.0034097080351784825, 0.0033978749997913837, 0.0034394169924780726, 0.003263375023379922, 0.0030976668931543827, 0.003517540986649692, 0.0034698329400271177, 0.003513125004246831, 0.003293124958872795, 0.0034034589771181345, 0.0032902080565690994, 0.0036262079374864697, 0.0034408329520374537, 0.003302374971099198, 0.003473915974609554, 0.003183166030794382, 0.003524124971590936, 0.003373541054315865, 0.003351125051267445],