{"cheat": true, "no_gnr": 5, "power": 65536, "default_keysize": 2048, "scheme1": {"enc": [0.15600004201405682, 0.15550516700022854, 0.15542116700089537, 0.15474679198814556, 0.15444504201877862, 0.15460162502131425, 0.15429533398128115, 0.15425516600953415, 0.15375950001180172, 0.15393875000881962, 0.15409866700065322, 0.1538179999915883, 0.1538116669980809, 0.15386579200276174, 0.15402245899895206, 0.15401075000409037, 0.15385349999996834, 0.1538436250120867, 0.15381337501457892, 0.15381162500125356, 0.1539262919977773, 0.15381862499634735, 0.15399358398281038, 0.154616833984619, 0.15376933399238624, 0.15360470800078474, 0.15423074999125674, 0.15376229101093486, 0.15387920901412144, 0.15394999997806735, 0.15419800000381656, 0.1538214159954805, 0.1541177500039339, 0.1537716670136433, 0.15366625000024214, 0.1565394589852076, 0.15442700000130571, 0.15364762500394136, 0.15413554100086913, 0.15370349999284372, 0.15364316699560732, 0.15376058299443685, 0.15374391700606793, 0.15442762500606477, 0.155294625001261, 0.15359341699513607, 0.15466337502584793, 0.1536740839947015, 0.15560570897650905, 0.15375800000037998], "dec": [0.23044600000139326, 0.2305543749826029, 0.23115054101799615, 0.23061758300173096, 0.23035558298579417, 0.2312909589963965, 0.23028429099940695, 0.23039895898546092, 0.2303646660002414, 0.23023379099322483, 0.23024204198736697, 0.22987266702693887, 0.23065124999266118, 0.23010500002419576, 0.23011633299756795, 0.22999516598065384, 0.2298751249909401, 0.23012279201066121, 0.231547583010979, 0.2301290000032168, 0.22989620798034593, 0.2299367500236258, 0.23033662501256913, 0.2302315830020234, 0.23020474999793805, 0.23023991700029, 0.23043604200938717, 0.23028604197315872, 0.22985366598004475, 0.22995733300922439, 0.2301805000170134, 0.23119962500641122, 0.2300893749925308, 0.22993845798191614, 0.2298890000092797, 0.22978550000698306, 0.22989024998969398, 0.23007487499853596, 0.22976245899917558, 0.22979712500819005, 0.2299280830193311, 0.23358016699785367, 0.229957707982976, 0.22980141697917134, 0.23134129101526923, 0.2299675410031341, 0.2299079999793321, 0.23049741599243134, 0.2305879160121549, 0.23016587502206676]}, "scheme3": {"enc": [0.0027383749838918447, 0.0027679580089170486, 0.0026232920063193887, 0.0025771670043468475, 0.0021371249749790877, 0.002416333998553455, 0.0023617080005351454, 0.0023276249994523823, 0.0021015829988755286, 0.0026076250069309026, 0.0023556250089313835, 0.002244875009637326, 0.0027579589805100113, 0.0029744170024059713, 0.0023704580089543015, 0.0024236250028479844, 0.002531333011575043, 0.0025367920170538127, 0.0026908330037258565, 0.002480791008565575, 0.0025545410171616822, 0.0024915419926401228, 0.0023713329865131527, 0.002623959007905796, 0.002455582987749949, 0.0024774170015007257, 0.002555125014623627, 0.002487165998900309, 0.002480166993336752, 0.0024148749944288284, 0.002529999997932464, 0.0024676659959368408, 0.0025949169939849526, 0.0024851250054780394, 0.0021111249807290733, 0.0024075840192381293, 0.0026564169966150075, 0.002462708012899384, 0.0022497500176541507, 0.0022408329823520035, 0.002624625019961968, 0.002701375022297725, 0.0029104170098435134, 0.0025084999797400087, 0.0023055000056046993, 0.00266695799655281, 0.002406167011940852, 0.0023717500152997673, 0.0024363750126212835, 0.0027560419985093176], "dec": [0.04257162500289269, 0.04259149997960776, 0.042604582995409146, 0.042647624999517575, 0.042610416014213115, 0.04256283299764618, 0.04264287499245256, 0.04262829100480303, 0.04259329198976047, 0.04260754201095551, 0.04265537500032224, 0.04265366599429399, 0.04264058300759643, 0.042733042006148025, 0.04258300000219606, 0.042604958987794816, 0.04268216699711047, 0.042547791003016755, 0.042726292012957856, 0.042543666990241036, 0.04256937498576008, 0.04264091598452069, 0.042619624990038574, 0.042642165994038805, 0.04264425000292249, 0.042578124994179234, 0.0426320830010809, 0.04263875001925044, 0.043781250016763806, 0.04263650000211783, 0.04258170901448466, 0.04256775000249036, 0.0425870000035502, 0.042598667001584545, 0.04262304201256484, 0.042642999993404374, 0.04256212501786649, 0.04258116698474623, 0.04258016697713174, 0.04268425001646392, 0.04260633297963068, 0.042627207993064076, 0.04260212497320026, 0.04299366602208465, 0.04258475001552142, 0.0425768330169376, 0.042610792006598786, 0.042655083001591265, 0.04255970797385089, 0.04278670801431872]}, "precompute_gm": {"enc": [0.0001224579755216837, 0.00011295898002572358, 0.00010624999413266778, 0.00010750000365078449, 0.00011004201951436698, 0.00011062499834224582, 0.00011033398914150894, 0.00010883400682359934, 0.00011100000119768083, 0.00011033299961127341, 0.00011079100659117103, 0.00010695800301618874, 0.00011100000119768083, 0.00011233298573642969, 0.00012770798639394343, 0.00013120900257490575, 0.00011079100659117103, 0.00010879198089241982, 0.00012737498036585748, 0.00010795798152685165, 0.00010633299825713038, 0.00010295899119228125, 0.00011020799865946174, 0.00010833400301635265, 9.758397936820984e-05, 0.00011279099271632731, 0.00010966599802486598, 0.00011212498066015542, 0.00010608398588374257, 0.00010995901538990438, 0.00010966701665893197, 0.00010729199857451022, 0.00010837501031346619, 0.00010800000745803118, 0.00011366599937900901, 0.00011212498066015542, 0.0001227499742526561, 0.00011466699652373791, 0.00012641699868254364, 0.00010804101475514472, 0.00010804098565131426, 0.00010887498501688242, 0.00010812500840984285, 0.00010545901022851467, 0.00011679198360070586, 0.00010029200348071754, 0.00010804101475514472, 0.00011937497765757143, 9.912499808706343e-05, 0.00011529098264873028], "dec": [0.04238904200610705, 0.041990958008682355, 0.041997166990768164, 0.04208266700152308, 0.04209754097973928, 0.041947583988076076, 0.042027249990496784, 0.04206912498921156, 0.04198604097473435, 0.04201366699999198, 0.042045584006700665, 0.04204637499060482, 0.042025125003419816, 0.04197354201460257, 0.04205499999807216, 0.04194462500163354, 0.04190920901601203, 0.04196412500459701, 0.04201441700570285, 0.04201691702473909, 0.04192204200080596, 0.04207070800475776, 0.04198937499313615, 0.0419699159974698, 0.0419269580161199, 0.042014709004433826, 0.04205216700211167, 0.042037209001136944, 0.04206691600847989, 0.041956790984841064, 0.04193104198202491, 0.04231441600131802, 0.041974374995334074, 0.04220845800591633, 0.04204175001359545, 0.04197770799510181, 0.04194079202716239, 0.041904207988409325, 0.04204720800044015, 0.04203233399312012, 0.04201666699373163, 0.0420752500067465, 0.04197770799510181, 0.042234749998897314, 0.042784207995282486, 0.04197274998296052, 0.04268349998164922, 0.042439208016730845, 0.04198070798884146, 0.04196370899444446]}, "precompute_gnr": {"enc": [0.003192457981640473, 0.003180874977260828, 0.0030315410112962127, 0.0029200830031186342, 0.0025453330017626286, 0.0028081250202376395, 0.0028151659935247153, 0.0027347909926902503, 0.0025295420200563967, 0.0029966660076752305, 0.0027957500133197755, 0.0026640419964678586, 0.0031631250167265534, 0.003380540991201997, 0.0028002079925499856, 0.0028176660125609487, 0.0029428330017253757, 0.0029450830188579857, 0.0030235410085879266, 0.0028654999914579093, 0.002975625015096739, 0.002913750009611249, 0.002752290980424732, 0.00303912500385195, 0.0028818749997299165, 0.0028953750152140856, 0.0029220000142231584, 0.002900666993809864, 0.002871875010896474, 0.0028530410199891776, 0.0029232079978100955, 0.002872250013751909, 0.0029921669920440763, 0.0028874999843537807, 0.0024928749771788716, 0.0028218330116942525, 0.003065583005081862, 0.0028094580047763884, 0.0027421249833423644, 0.0026162079884670675, 0.002981333003845066, 0.003101291978964582, 0.003325917001347989, 0.002884666988393292, 0.0027321250236127526, 0.003054500004509464, 0.002862166002159938, 0.0027359579980839044, 0.0028691669867839664, 0.003074416978051886],