{"cheat": true, "no_gnr": 5, "power": 65536, "default_keysize": 2048, "scheme1": {"enc": [0.15471537499979604, 0.15550520900069387, 0.15508141700047418, 0.15554695799801266, 0.1543644579978718, 0.15433116699932725, 0.15663629199843854, 0.15436091700030374, 0.15457408400106942, 0.1559319170009985, 0.1550097920007829, 0.1541458749998128, 0.15474616600113222, 0.15434000000095693, 0.15436229199985974, 0.15474258299946086, 0.15529520800191676, 0.15498679099982837, 0.1544697500030452, 0.1557676669981447, 0.15630508400136023, 0.154866958000639, 0.15428287499889848, 0.15549620899764705, 0.1563536660032696, 0.15472700000100303, 0.15668533300049603, 0.15516937499705818, 0.15650504099903628, 0.15468474999943282, 0.1550892080013, 0.15431733399964287, 0.15575245899890433, 0.15478595800232142, 0.15577091600061976, 0.15408887499870616, 0.15449058300146135, 0.15520187499714666, 0.15591849999691476, 0.155836541998724, 0.15466187499987427, 0.15642954199938686, 0.15532904200154007, 0.15606362499966053, 0.1546877079999831, 0.1544918340005097, 0.15595987499909825, 0.15596499999810476, 0.15666725000119186, 0.15521329100010917], "dec": [0.22917416599739227, 0.2317134580007405, 0.22950304199912352, 0.23070191700026044, 0.2298732920025941, 0.2299355420000211, 0.23090000000229338, 0.23032412500106147, 0.23017383299884386, 0.22957187499923748, 0.22983920800106716, 0.229591082999832, 0.23068137500013108, 0.22966804200041224, 0.23012441600076272, 0.22985916700054077, 0.23030191699945135, 0.23019674999886774, 0.2298957499988319, 0.22934141600126168, 0.22939012499773526, 0.2289100000016333, 0.23311037500025122, 0.23258616600287496, 0.23161295899990364, 0.2292983750012354, 0.23321895900153322, 0.23169079200306442, 0.2313798750001297, 0.23130287499952829, 0.23305141699893284, 0.22879816600107006, 0.23287612499916577, 0.23295058399889967, 0.23251154199897428, 0.2325851249988773, 0.2291531250011758, 0.23004041600142955, 0.23325087500052177, 0.2339315000026545, 0.22949933400013833, 0.2334235419984907, 0.22936545799893793, 0.23361258300064947, 0.2292917920021864, 0.23036037500060047, 0.2325694579994888, 0.23367462500027614, 0.2294594999984838, 0.22923312499915482]}, "scheme3": {"enc": [0.15209041600246564, 0.14997541599950637, 0.15178949999972247, 0.15198025000063353, 0.15099791700049536, 0.1511060839984566, 0.15151558400248177, 0.15209470900299493, 0.15170904199840152, 0.1507420829984767, 0.1506729169996106, 0.1495630829995207, 0.1500438330003817, 0.1518862920020183, 0.15028504200017778, 0.1524181659988244, 0.15051999999923282, 0.15170712499821093, 0.1498333330018795, 0.1512367909999739, 0.15013491600257112, 0.15044149999812362, 0.15023541699702037, 0.1504878749983618, 0.1503147090006678, 0.15018995799982804, 0.15113841600032174, 0.15127408300031675, 0.1516459170015878, 0.1519309159994009, 0.14968054199925973, 0.15020050000021, 0.15139395799997146, 0.15037904099881416, 0.14998750000086147, 0.14976000000024214, 0.15112566700190655, 0.15001249999841093, 0.14986395800224273, 0.15000891699673957, 0.15045412499966915, 0.15203179200034356, 0.15206675000081304, 0.150232916999812, 0.15188058300191187, 0.15148079200298525, 0.15080791600121302, 0.15183075000095414, 0.1515094999995199, 0.15156808299798286], "dec": [0.04288220899979933, 0.04224266699748114, 0.042863250000664266, 0.04291008300060639, 0.04290666700035217, 0.04288475000066683, 0.042801957999472506, 0.04291091599952779, 0.042864957998972386, 0.042869042001257185, 0.04204625000056694, 0.04205345900118118, 0.04204604199912865, 0.04282904099818552, 0.04281575000277371, 0.04284183400159236, 0.04209866599921952, 0.04283562500131666, 0.04199470800085692, 0.04236929199760198, 0.04200512500028708, 0.042045083002449246, 0.042020625001896406, 0.04205287500008126, 0.04200733299876447, 0.042814000000362284, 0.04197983400081284, 0.04267183299816679, 0.042807624999113614, 0.04281408399765496, 0.0420328750005865, 0.042007041000033496, 0.04234308400191367, 0.042971334001776995, 0.042062291999172885, 0.04205224999896018, 0.04280004199972609, 0.04274470900054439, 0.042040624997753184, 0.04209912500300561, 0.04202183400047943, 0.04281683299996075, 0.04281949999858625, 0.042024708000099054, 0.04279816700000083, 0.04204549999849405, 0.04281383399938932, 0.042824291998840636, 0.04282316699755029, 0.04277854200336151]}, "opt1": {"enc": [0.14671074999932898, 0.14627945800020825, 0.14621420800176566, 0.1485190000021248, 0.14821254200069234, 0.14838570800202433, 0.1461342920010793, 0.14731408399893553, 0.1467703749985958, 0.14801566700043622, 0.14628737500243005, 0.14620616600223002, 0.14786916600132827, 0.14587058300094213, 0.14719412499835016, 0.14753333399858093, 0.14635691700095776, 0.14641762499741162, 0.14821345800010022, 0.14771983299942804, 0.14693666600214783, 0.14618212500135996, 0.146305875001417, 0.14724912499877973, 0.14628279200042016, 0.14788433400099166, 0.14757037500021397, 0.14718762499978766, 0.14626891700027045, 0.14634554199801642, 0.1466411250003148, 0.14740141699803644, 0.14648929099712404, 0.14789333299995633, 0.1484649170015473, 0.14683341599811683, 0.14615937500275322, 0.1460531250013446, 0.147475707999547, 0.14718537500084494, 0.14727833299912163, 0.14754708399777883, 0.14618745800180477, 0.14771983299942804, 0.14727529199808487, 0.14676362500176765, 0.14655245800167904, 0.14623433399901842, 0.14819666599942138, 0.14717474999997648], "dec": [0.04145249999783118, 0.04144499999893014, 0.04143429200121318, 0.0415755829999398, 0.041436708001128864, 0.04199483399861492, 0.04312454099999741, 0.041419875000428874, 0.041576584000722505, 0.04225412500090897, 0.041449208998528775, 0.041478167000605026, 0.042547208999167196, 0.04149899999902118, 0.04210445799981244, 0.04221237499950803, 0.042247374996804865, 0.042604708003636915, 0.04200341699834098, 0.04218862500056275, 0.04141370900106267, 0.04200112499893294, 0.0414573330017447, 0.042252499999449356, 0.04144179099967005, 0.042237374997057486, 0.04225366600076086, 0.04221829100060859, 0.04149074999804725, 0.041537417000654386, 0.042216957997879945, 0.04222291599944583, 0.04148516700297478, 0.042249375001119915, 0.042232208001223626, 0.04220208400147385, 0.04145362499912153, 0.04148074999829987, 0.04222999999910826, 0.04221999999936088, 0.04221904200312565, 0.04222512500200537, 0.0415024590001849, 0.04223291699963738, 0.041459625001152745, 0.04160412499913946, 0.04145970800163923, 0.04145854099988355, 0.041912291999324225, 0.04150566699900082]}, "opt2": {"enc": [0.0029590829981316347, 0.0027824589997180738, 0.003215832999558188, 0.00315749999936088, 0.002730791999056237, 0.002670082998520229, 0.002874916997825494, 0.0031002079995232634, 0.002911332998337457, 0.003037000002223067, 0.00304741700165323, 0.002734790999966208, 0.0028134999993199017, 0.0031829170002311002, 0.002733957997406833, 0.0030377919974853285, 0.0031918330023472663, 0.002916249999543652, 0.0027726250009436626, 0.002804332998493919, 0.002876291997381486, 0.0029299999987415504, 0.0031680419997428544, 0.0030728339988854714, 0.0030753749997529667, 0.002684292001504218, 0.002814707997458754, 0.002816542000800837, 0.002551458997913869, 0.0030435410008067265, 0.002471624997269828, 0.002780082999379374, 0.003066584002226591, 0.002831792000506539, 0.0027624159993138164, 0.002656542001204798, 0.0031131249997997656, 0.002837166997778695, 0.002763542001048336, 0.0027717500015569385, 0.002633332998811966, 0.0028846669993072283, 0.002842957997927442, 0.002712665998842567, 0.002833041999110719, 0.0030829999996058177, 0.003029916999366833, 0.0028171250014565885, 0.003221708000637591, 0.0026540420003584586],