{"cheat": false, "no_gnr": 5, "power": 65536, "default_keysize": 2048, "scheme1": {"enc": [0.15260066699556774, 0.15222670899674995, 0.15222041700326372, 0.15211045899923192, 0.15216325000073994, 0.15212045899534132, 0.15217875000234926, 0.1520837499992922, 0.1520862919933279, 0.15218916699814145, 0.1523842919996241, 0.15215895900473697, 0.15226733300369233, 0.15183879200048978, 0.15194829199754167, 0.15233162499498576, 0.1521734580019256, 0.15233654199982993, 0.15208816700032912, 0.15211758299847133, 0.15244537500257138, 0.15209649999451358, 0.15194250000058673, 0.15211366600124165, 0.1530615830051829, 0.15384045799874002, 0.1545486670001992, 0.15255529199930606, 0.15214262500376208, 0.15284708400577074, 0.1519971669986262, 0.15216579199477565, 0.15229345799889416, 0.15268541700061178, 0.1520040830000653, 0.1520808749992284, 0.15195150000363356, 0.15211070900113555, 0.15218745799938915, 0.1544513749977341, 0.15331858299759915, 0.1533811670014984, 0.17676783399656415, 0.15484529199602548, 0.1530503329995554, 0.15311579199624248, 0.15264137500344077, 0.15217829200264532, 0.15589387500222074, 0.15308050000021467], "dec": [0.22663645799912047, 0.2276133330015, 0.22662145799404243, 0.22642158300004667, 0.22655912499612896, 0.22659358300006716, 0.22661895799683407, 0.22639245799655328, 0.22667395800090162, 0.22651291600050172, 0.226464166000369, 0.22640891599439783, 0.22749770800146507, 0.226567707999493, 0.2265889580012299, 0.22661291700205766, 0.22644354200019734, 0.22653512500255601, 0.22645858299802057, 0.226627042000473, 0.22642691699729767, 0.22632737499952782, 0.22631162499601487, 0.22614237499510637, 0.2276220839994494, 0.22965641700284323, 0.22637870800099336, 0.22640845800196985, 0.22614641599648166, 0.22631529099453473, 0.22638366699538892, 0.2277947500042501, 0.22660325000470039, 0.22629220799717586, 0.2263152080049622, 0.22647991700068815, 0.22642862499924377, 0.2262973749966477, 0.22728825000376673, 0.22981562499626307, 0.24381079200247768, 0.28539845799969044, 0.22795670800405787, 0.23103929200442508, 0.22814775000006193, 0.22867795800266322, 0.22642874999291962, 0.22832637499959674, 0.22695087500324007, 0.2262164159983513]}, "scheme3": {"enc": [0.25462412500201026, 0.26841987499938114, 0.25429375000385335, 0.26505058399925474, 0.2543137079992448, 0.2534499999965192, 0.25370920799468877, 0.25396441699558636, 0.2531582919982611, 0.25385520899726544, 0.25308020900411066, 0.25378516600176226, 0.2529789170002914, 0.2540722090052441, 0.2534784580057021, 0.2536099170029047, 0.2834875829939847, 0.2632173329984653, 0.25505025000165915, 0.25518887500220444, 0.2566559580009198, 0.2538387079985114, 0.2544289579964243, 0.25922412499494385, 0.2548434999989695, 0.252744083001744, 0.2523482909964514, 0.2523337500024354, 0.25537120799708646, 0.2542511249994277, 0.2537026659992989, 0.2548686669979361, 0.25343612500000745, 0.25475449999794364, 0.2533028749967343, 0.2528181250017951, 0.25308433300233446, 0.2532470829974045, 0.25369833299919264, 0.2565835000059451, 0.25377004199981457, 0.25318225000228267, 0.2535138749954058, 0.25397008399886545, 0.25215579100040486, 0.2537540000048466, 0.2537301659976947, 0.25349179199838545, 0.2539249999972526, 0.25346241599618224], "dec": [0.04239645799680147, 0.0420963330034283, 0.042029541997180786, 0.04211537499941187, 0.04216758400434628, 0.04201591700257268, 0.041941417002817616, 0.0420402079980704, 0.041990041005192325, 0.04201683300198056, 0.04206308299762895, 0.04205270900274627, 0.04204687500168802, 0.042093790994840674, 0.04215237499738578, 0.06414829099958297, 0.045167374999437016, 0.042408791996422224, 0.04215591599495383, 0.04220858299959218, 0.04208437499619322, 0.04199137500108918, 0.04501858299772721, 0.042067250004038215, 0.04200666600081604, 0.04195441699994262, 0.042022708999866154, 0.04204529199341778, 0.042388334004499484, 0.04213079100009054, 0.04200437500549015, 0.04197341600229265, 0.04200133400445338, 0.04197191600542283, 0.04202945900033228, 0.042051042000821326, 0.042004417002317496, 0.04198058300244156, 0.04198987500421936, 0.04196633299579844, 0.0430682909936877, 0.04201554199971724, 0.04226408400427317, 0.042004750001069624, 0.04203037499974016, 0.042018666994408704, 0.04209604200150352, 0.042045875001349486, 0.04202041600365192, 0.0420600840006955]}, "precompute_gm": {"enc": [0.24895916700188536, 0.2487113750030403, 0.24819970799580915, 0.249142833003134, 0.24906770799861988, 0.24875845899805427, 0.24863491600262932, 0.24881099999765866, 0.24958345800405368, 0.24812904099962907, 0.2498916670010658, 0.24882000000070548, 0.24815466700238176, 0.2487120829973719, 0.24838295899826335, 0.24901316600153223, 0.24837970900262007, 0.2490449999968405, 0.248664667000412, 0.24954475000413368, 0.24934512499748962, 0.24849141700542532, 0.24846854100178462, 0.24914487500063842, 0.2486833330040099, 0.2507091249935911, 0.25096858300094027, 0.2504847919990425, 0.2494895420022658, 0.2544694169991999, 0.2555249580036616, 0.25120650000462774, 0.2490749999997206, 0.24846529199567158, 0.24956120800197823, 0.2494087080049212, 0.24868099999730475, 0.24893008400249528, 0.24909895900054835, 0.24899095799628412, 0.2489566250005737, 0.24895920799463056, 0.24917179100157227, 0.24898270900303032, 0.2506565829971805, 0.24852491699857637, 0.24922212499950547, 0.24899345899757463, 0.24868687499838416, 0.24852399999508634], "dec": [0.041454291000263765, 0.04144329200062202, 0.04168200000276556, 0.041661416995339096, 0.04146575000049779, 0.04151579100289382, 0.04148170899861725, 0.0414370830039843, 0.041687624994665384, 0.041733291996933986, 0.04152295800304273, 0.04155650000029709, 0.04159833300218452, 0.04154020799614955, 0.04146341599698644, 0.04166462500143098, 0.04144891600299161, 0.04155766699841479, 0.04155641700344859, 0.04175283299991861, 0.04146029100229498, 0.04151441699650604, 0.04147566699975869, 0.04155108299892163, 0.04160124999907566, 0.04255350000312319, 0.041804374995990656, 0.041492208001727704, 0.04163149999658344, 0.04189491699798964, 0.041718624997884035, 0.04166804199485341, 0.041568583001208026, 0.04166583299956983, 0.04157212500285823, 0.04148799999529729, 0.04157366700383136, 0.04152233299828367, 0.04155229099706048, 0.04158433400152717, 0.0417288339958759, 0.04152545800025109, 0.041516249999403954, 0.041489082999760285, 0.04150412500166567, 0.04149874999711756, 0.04154624999500811, 0.04155008299858309, 0.04164395800034981, 0.04162666600313969]}, "precompute_gnr": {"enc": [0.0028024589992128313, 0.0027704160020221025, 0.0027035000020987354, 0.0026725829957285896, 0.002874540994525887, 0.0028226249996805564, 0.0026477919964236207, 0.002949417001218535, 0.0026877499985857867, 0.0027767080027842894, 0.002675999996426981, 0.0028122919975430705, 0.00254754199704621, 0.0023835840038373135, 0.002519542002119124, 0.0028190419980091974, 0.0028040830002282746, 0.002969667002616916, 0.0027651249984046444, 0.002641667000716552, 0.0030803749978076667, 0.002932667004643008, 0.0027620409964583814, 0.0024604999998700805, 0.00280904199462384, 0.002714624999498483, 0.0024465840033371933, 0.002556291001383215, 0.002940958002000116, 0.0030306249973364174, 0.0030004580039530993, 0.0030471670033875853, 0.0026303330014343373, 0.002900416002376005, 0.003217875004338566, 0.0028315829986240715, 0.0027893750011571683, 0.0029572089988505468, 0.002623584005050361, 0.0025903749992721714, 0.0025247500016121194, 0.0028183750036987476, 0.0027955840050708503, 0.0027991250026389025, 0.002319250001164619, 0.003158874998916872, 0.0028989589991397224, 0.0030679579940624535, 0.0027902500005438924, 0.002662416998646222],