{"cheat": false, "no_gnr": 5, "power": 65536, "default_keysize": 2048, "scheme1": {"enc": [0.15664291600114666, 0.1537392079771962, 0.1540568750060629, 0.1540171249944251, 0.15410941702430137, 0.1539472080185078, 0.1541684580151923, 0.15458450000733137, 0.15410929202334955, 0.15371991699794307, 0.1538980420154985, 0.1541980420006439, 0.17520420800428838, 0.1651002080179751, 0.15496620899648406, 0.16390687500825152, 0.15438375002122484, 0.1569267910090275, 0.1541263330145739, 0.15502949999063276, 0.155761915986659, 0.1559400420228485, 0.15460812498349696, 0.1554747500049416, 0.1633106250083074, 0.15854299999773502, 0.15497879197937436, 0.15513129101600498, 0.1546596660045907, 0.15377370797796175, 0.15424075000919402, 0.15436791701358743, 0.1541118749883026, 0.15453354199416935, 0.15394908402231522, 0.15401033300440758, 0.1546435409982223, 0.15387741598533466, 0.15410708301351406, 0.154007167002419, 0.15474683299544267, 0.1566985000099521, 0.15484750000177883, 0.15632237499812618, 0.15547258401056752, 0.15435329100000672, 0.1541079579910729, 0.15373537500272505, 0.15403583299485035, 0.15489129201159813], "dec": [0.22962645901134238, 0.22977762500522658, 0.230584416014608, 0.22972991698770784, 0.23248862498439848, 0.229734833992552, 0.23070666697458364, 0.23055475001456216, 0.2295889579982031, 0.22946041700197384, 0.230825915990863, 0.2539699170156382, 0.2537796249962412, 0.23310424998635426, 0.24551408298430033, 0.23143304197583348, 0.24149137499625795, 0.23131608398398384, 0.23447204197873361, 0.23088029198697768, 0.23155920900171623, 0.2300234169815667, 0.23041666601784527, 0.23654758298653178, 0.22974450001493096, 0.23107279097894207, 0.22979250000207685, 0.23014579198206775, 0.2301769169862382, 0.22966158401686698, 0.22955587500473484, 0.22985670799971558, 0.22994258301332593, 0.2296296670101583, 0.22937583300517872, 0.23140045898617245, 0.22979158398811705, 0.23098654201021418, 0.22953512499225326, 0.22959791700122878, 0.23078333400189877, 0.23249520899844356, 0.23688033397775143, 0.23184916700120084, 0.23224333298276179, 0.22925104200839996, 0.23191875001066364, 0.22961695899721235, 0.22978308401070535, 0.2295518750033807]}, "scheme3": {"enc": [0.03723158300272189, 0.0370128329959698, 0.03735904200584628, 0.036890916991978884, 0.036609833012335, 0.03675787497195415, 0.036978375021135435, 0.03690549999009818, 0.03653370798565447, 0.0366707920038607, 0.03690804200596176, 0.0367230839910917, 0.036657084012404084, 0.03690499998629093, 0.036464499979047105, 0.03684600000269711, 0.03675791699788533, 0.0369732910185121, 0.03690070801530965, 0.03690941698732786, 0.03696237498661503, 0.036966250016121194, 0.037123791000340134, 0.03659029200207442, 0.03644225001335144, 0.03690191698842682, 0.03657895801006816, 0.036297540995292366, 0.03655749998870306, 0.03627933299867436, 0.03659312499803491, 0.036455666995607316, 0.0363681250018999, 0.03661366700544022, 0.03625949998968281, 0.03621008401387371, 0.036579666018951684, 0.036120374978054315, 0.03675029202713631, 0.03641787497326732, 0.03680266599985771, 0.03635787501116283, 0.03689145899261348, 0.03636525000911206, 0.03662154101766646, 0.0365741660061758, 0.03673716602497734, 0.036715750000439584, 0.03655170800630003, 0.03665254099178128], "dec": [0.04192858299938962, 0.0421224589808844, 0.04199945801519789, 0.0424025829997845, 0.04212204201030545, 0.04194208301487379, 0.041934332984965295, 0.04199645799235441, 0.04191279201768339, 0.042156999988947064, 0.042052250006236136, 0.042313040990848094, 0.04198466599336825, 0.04187195800477639, 0.04221608300576918, 0.04259950001141988, 0.04216004098998383, 0.04195829198579304, 0.042043707973789424, 0.04227266600355506, 0.041978249995736405, 0.04197733398177661, 0.042057584010763094, 0.041897499992046505, 0.041887624975061044, 0.04189024999504909, 0.04188358297687955, 0.0418377089954447, 0.04183691702201031, 0.041891499975463375, 0.041927667014533654, 0.041849875007756054, 0.041948875004891306, 0.041917541006114334, 0.04184295900631696, 0.04184179098228924, 0.04189925000537187, 0.04188750000321306, 0.04197254098835401, 0.04186583301634528, 0.04195166702265851, 0.0418142499984242, 0.0418487080023624, 0.041843707993393764, 0.04188425000756979, 0.041930792009225115, 0.04287970898440108, 0.04181908300961368, 0.0419163339829538, 0.04187933399225585]}, "precompute_gm": {"enc": [0.03437091701198369, 0.03413387498585507, 0.03418325001257472, 0.03407758299726993, 0.03425970798707567, 0.03411520898225717, 0.03420437499880791, 0.03403187499498017, 0.03408074998878874, 0.03405462499358691, 0.03418737501488067, 0.034069083019858226, 0.03411708399653435, 0.03434695801115595, 0.03413687500869855, 0.034230042016133666, 0.03402141699916683, 0.0343307500006631, 0.03414862501085736, 0.034063833008985966, 0.03411537501960993, 0.038077041012002155, 0.03428179200273007, 0.03430158301489428, 0.03421329101547599, 0.03414437500759959, 0.03422441700240597, 0.03422254201723263, 0.03411920799408108, 0.03417054199962877, 0.03424829200957902, 0.034215499996207654, 0.03423416701843962, 0.03415466702426784, 0.035235874995123595, 0.03507841698592529, 0.03530787499039434, 0.03520195899181999, 0.03539679097593762, 0.03664354101056233, 0.035416250000707805, 0.035272083012387156, 0.03520216699689627, 0.03514345802250318, 0.03517408299376257, 0.035169666982255876, 0.035097874992061406, 0.03506812499836087, 0.03508970799157396, 0.03509454199229367], "dec": [0.04146766700432636, 0.04152354100369848, 0.041579167009331286, 0.04168358401511796, 0.04148695801268332, 0.041611499997088686, 0.04159245901973918, 0.041702917020302266, 0.04148949999944307, 0.04151308300788514, 0.04162766700028442, 0.041622874996392056, 0.043229290982708335, 0.04198929198901169, 0.041564582992577925, 0.04158070799894631, 0.04165766597725451, 0.04151608399115503, 0.04152812500251457, 0.0415405830135569, 0.04150449999724515, 0.041699333989527076, 0.041492999996989965, 0.041520291997585446, 0.04162720899330452, 0.04156758400495164, 0.041499000013573095, 0.04148804099531844, 0.04153491702163592, 0.041525333013851196, 0.04153616601251997, 0.041591959015931934, 0.04155237498343922, 0.04179737498634495, 0.043944875011220574, 0.04291883300174959, 0.04294316700543277, 0.042918457998894155, 0.04295758402440697, 0.04295224999077618, 0.042906499991659075, 0.04294445799314417, 0.04290387500077486, 0.0429084170027636, 0.04286679200595245, 0.042937208025250584, 0.04316979201394133, 0.04290920801577158, 0.04295662499498576, 0.04301241700886749]}, "precompute_gnr": {"enc": [0.0031142919906415045, 0.0027802499826066196, 0.0029666250047739595, 0.0029226659971755, 0.002702792000491172, 0.0026348330138716847, 0.0028760419809259474, 0.002997999981744215, 0.002504500007489696, 0.0028234159981366247, 0.002800832997309044, 0.0028135419997852296, 0.0025394579861313105, 0.0028450410172808915, 0.002487666002707556, 0.0026788749964907765, 0.0026457500061951578, 0.0029799590120092034, 0.0030300829967018217, 0.002818957989802584, 0.0028508749965112656, 0.0026705419877544045, 0.0028991659928578883, 0.00277033299789764, 0.0027726669795811176, 0.003312708024168387, 0.0029356660088524222, 0.00257033301750198, 0.002872792014386505, 0.0025628329894971102, 0.002890875010052696, 0.0027379999810364097, 0.0026491250027902424, 0.0029136250086594373, 0.0025386670022271574, 0.0026562499988358468, 0.002598749997559935, 0.0025437500153202564, 0.0030576669960282743, 0.0026353330176789314, 0.0031584579846821725, 0.0025582920061424375, 0.002927958994405344, 0.0025354999816045165, 0.0027701249928213656, 0.002542957983678207, 0.002817499975208193, 0.0028187920106574893, 0.002778708003461361, 0.0028803749883081764],