{"cheat": false, "no_gnr": 5, "power": 65536, "default_keysize": 2048, "scheme1": {"enc": [0.17540270800236613, 0.17699100000027101, 0.1710157499910565, 0.15848912499495782, 0.1553869159979513, 0.16818345799401868, 0.17130425000505056, 0.17835604200081434, 0.15701470800559036, 0.17308066599071026, 0.15436308400239795, 0.1539973339968128, 0.15346512499672826, 0.15518445800989866, 0.15344979100336786, 0.15447066600609105, 0.15472237499488983, 0.15504029199655633, 0.15426666699931957, 0.15473737500724383, 0.15383316700172145, 0.15315620899491478, 0.15423754199582618, 0.1545017089956673, 0.15387612499762326, 0.15477108300547116, 0.15540899999905378, 0.15312445799645502, 0.1550662090012338, 0.15396241599228233, 0.1529727499873843, 0.15482241699646693, 0.15449920800165273, 0.15357595898967702, 0.15452291700057685, 0.1552559999981895, 0.15296187499188818, 0.1550135839934228, 0.15478895900014322, 0.1535791250062175, 0.15404729099827819, 0.1611855410010321, 0.1613809160044184, 0.16039574999012984, 0.15275895800732542, 0.15374949999386445, 0.1550779590033926, 0.15540379101003055, 0.15499212499707937, 0.15398529099184088], "dec": [0.2459665420028614, 0.2565691249910742, 0.24391745901084505, 0.23173795800539665, 0.24242362499353476, 0.24723445800191257, 0.426300999999512, 0.2525614170008339, 0.2557277919986518, 0.24671383399982005, 0.2314528330025496, 0.2297567909990903, 0.2302750420058146, 0.22871874998963904, 0.22977770899888128, 0.23184020900225732, 0.2291045000019949, 0.2288950000074692, 0.22877995799353812, 0.2310647090052953, 0.22903354099253193, 0.23188387500704266, 0.23150287500175182, 0.23157979099778458, 0.23167029200703837, 0.23156108299735934, 0.2314167080039624, 0.23097554199921433, 0.23023054099758156, 0.23113216701312922, 0.2332267920137383, 0.2316752080078004, 0.2312293330032844, 0.2292309160111472, 0.22876941600407008, 0.23179783301020507, 0.22721495800942648, 0.2280354999966221, 0.2316355829971144, 0.23150712499045767, 0.23209087501163594, 0.24017033400014043, 0.2319436669931747, 0.23330666701076552, 0.2275807919941144, 0.22769066601176746, 0.2344343329896219, 0.23222487499879207, 0.23158424999564886, 0.22725958400405943]}, "scheme3": {"enc": [0.03670316700299736, 0.03641466700355522, 0.03659916599281132, 0.03690141599508934, 0.052817916992353275, 0.037000417010858655, 0.036271207995014265, 0.03643845900660381, 0.036955666000721976, 0.03665095900942106, 0.03645841601246502, 0.03711208299500868, 0.0359197499928996, 0.036455707988352515, 0.03685837499506306, 0.03616350000083912, 0.03660641699389089, 0.036390083012520336, 0.036113709007622674, 0.03632199999992736, 0.03598124999552965, 0.03671549999853596, 0.03625674999784678, 0.03659483299998101, 0.036538000000291504, 0.03670912499364931, 0.03661399999691639, 0.0355935420084279, 0.03655645799881313, 0.0362851249956293, 0.036753083011717536, 0.03627062500163447, 0.036949041998013854, 0.036540917004458606, 0.036485292002907954, 0.03621516599378083, 0.036708250001538545, 0.03619704200536944, 0.03629116600495763, 0.03664641700743232, 0.03652004199102521, 0.03584354200575035, 0.03597787499893457, 0.03611537499818951, 0.03578125000058208, 0.036470499995630234, 0.036418666000827216, 0.036319792008725926, 0.036107292005908675, 0.036465040990151465], "dec": [0.042776417001732625, 0.042462707991944626, 0.04275520901137497, 0.04237720899982378, 0.051814042002661154, 0.0428399999946123, 0.04280908299551811, 0.042532124993158504, 0.042836584005272016, 0.042241457995260134, 0.04262187499261927, 0.04243629200209398, 0.042348375005531125, 0.042785583005752414, 0.04248995799571276, 0.04251625000324566, 0.04283504199702293, 0.04212087499035988, 0.04216420798911713, 0.04271608398994431, 0.042802416006452404, 0.042769124993355945, 0.04201991700392682, 0.042534874999546446, 0.042232124993461184, 0.04206033299851697, 0.042242958006681874, 0.04204304098675493, 0.042782208998687565, 0.04233312499127351, 0.042606541988789104, 0.0427778750017751, 0.04273383299005218, 0.04274795799574349, 0.04252641700441018, 0.042606333998264745, 0.042769833002239466, 0.042715624993434176, 0.042775833993800916, 0.04231429100036621, 0.042717750009614974, 0.04237987499800511, 0.04253837501164526, 0.04246325000713114, 0.042328915995312855, 0.042885250004474074, 0.04317533400899265, 0.04242824998800643, 0.04223704199830536, 0.042678625002736226]}, "precompute_gm": {"enc": [0.03476083299028687, 0.03423454100266099, 0.03462095800205134, 0.0347172089968808, 0.03472250000049826, 0.03476966600283049, 0.0347358750004787, 0.03454575000796467, 0.03457108400471043, 0.03418529201007914, 0.034611374998348765, 0.034496583000873215, 0.03487016700091772, 0.03489783300028648, 0.03469412500271574, 0.034475542008294724, 0.0345620419975603, 0.03446691700082738, 0.03447520799818449, 0.03437016700627282, 0.03456479099986609, 0.034597125006257556, 0.034272707998752594, 0.034503165996284224, 0.03418416700151283, 0.03465879100258462, 0.034413459012284875, 0.03425150000839494, 0.03455466601008084, 0.0345867079886375, 0.03463950000877958, 0.03447737499664072, 0.03421375001198612, 0.034764040989102796, 0.03416812499926891, 0.034567084003356285, 0.03446304200042505, 0.03420249999908265, 0.03465299999515992, 0.03435145800176542, 0.03430041600950062, 0.034690666987444274, 0.03489441600686405, 0.03461458299716469, 0.03454925000551157, 0.03458445800060872, 0.03430420800577849, 0.03468349999457132, 0.03481783298775554, 0.0346920419979142], "dec": [0.04162416700273752, 0.04156904200499412, 0.04228708399750758, 0.042305333001422696, 0.04228879199945368, 0.04226995899807662, 0.042056958001921885, 0.04230712499702349, 0.04229758300061803, 0.041735582999535836, 0.04221145799965598, 0.04245049999735784, 0.04227408299630042, 0.042098666992387734, 0.042088207992492244, 0.042295082996133715, 0.042304250004235655, 0.04229745799966622, 0.042356834004749544, 0.04202166599861812, 0.04167508399405051, 0.04210958399926312, 0.04172708300757222, 0.04191737499786541, 0.041992250000475906, 0.04229566699359566, 0.042330165990279056, 0.04207666699949186, 0.04230429198651109, 0.042289459001040086, 0.041837332988507114, 0.04226345800270792, 0.042219750001095235, 0.041830375004792586, 0.04222933400887996, 0.04227608299697749, 0.04225795800448395, 0.041750459000468254, 0.04231649999564979, 0.041922791991964914, 0.04223237499536481, 0.04194620800262783, 0.04208995899534784, 0.04208516699145548, 0.042180457996437326, 0.041656333007267676, 0.04199104200233705, 0.0421028330019908, 0.04233662500337232, 0.04233766700781416]}, "precompute_gnr": {"enc": [0.0030562909960281104, 0.002865000002202578, 0.0028411249950295314, 0.0029056659986963496, 0.002866957991500385, 0.002848874995834194, 0.0027033330115955323, 0.0030207499949028715, 0.0026433750026626512, 0.002990125009091571, 0.003100999994785525, 0.0032594170043012127, 0.0024738750071264803, 0.0027628329989966005, 0.002966125000966713, 0.0025951660063583404, 0.0030371670000022277, 0.0029822079959558323, 0.0028924580110469833, 0.0028853330004494637, 0.002642584004206583, 0.0029682909953407943, 0.003042583994101733, 0.0029125000000931323, 0.002976415999000892, 0.0025633750046836212, 0.003042750002350658, 0.0025329999916721135, 0.002793583000311628, 0.0030764589901082218, 0.00290958299592603, 0.0024703340022824705, 0.002973374997964129, 0.0027058750129071996, 0.0030873750074533746, 0.0029146250017220154, 0.003135541992378421, 0.002640458013047464, 0.003153000012389384, 0.0029023750103078783, 0.0029658749990630895, 0.002792333994875662, 0.002570750002632849, 0.0027921669970965013, 0.0026267909997841343, 0.0030923750018700957, 0.002607374990475364, 0.0028195409977342933, 0.002272124998853542, 0.0029170409979997203],