{"cheat": true, "no_gnr": 5, "power": 65536, "default_keysize": 2048, "scheme1": {"enc": [0.15858041599858552, 0.15452533299685456, 0.15511179200257175, 0.15460104199883062, 0.15473687500343658, 0.15428708400577307, 0.15512866700009909, 0.1546342499932507, 0.154927958996268, 0.1546048750024056, 0.15467495899065398, 0.1544614169979468, 0.15423299999383744, 0.15437191700038966, 0.155402165997657, 0.15464379198965617, 0.15427949999866541, 0.15476462499646004, 0.15432862500892952, 0.15482312500535045, 0.15489841700764373, 0.1544242500094697, 0.15414904100180138, 0.15433837501041126, 0.15429454200784676, 0.15426954100257717, 0.1542843330098549, 0.15442116699705366, 0.15443175000837073, 0.15472804200544488, 0.1542348749935627, 0.1542147500003921, 0.1544742080004653, 0.15419333400495816, 0.15427875000750646, 0.15427274999092333, 0.15582820799318142, 0.15432591699936893, 0.15416545899643097, 0.1541025000042282, 0.15424145800352562, 0.15418066599522717, 0.15533341599802952, 0.15432775000226684, 0.15490591699199285, 0.1544419999991078, 0.1547230840078555, 0.15455704199848697, 0.1543885830033105, 0.15569741700892337], "dec": [0.24649279199365992, 0.23242845800996292, 0.23014366699499078, 0.2299787079973612, 0.2332942500070203, 0.23026312500587665, 0.23010970799077768, 0.2304652500024531, 0.23011787500581704, 0.2305438749899622, 0.23134549999667797, 0.22988883299694862, 0.2297479170083534, 0.23043704200244974, 0.23068916700140107, 0.23015883300104178, 0.2297113339882344, 0.22956662499927916, 0.22999229199194815, 0.22979874999145977, 0.23218670800270047, 0.23105408299306873, 0.22947408400068525, 0.2309462079865625, 0.22959858299873304, 0.22969974999432452, 0.22938241699011996, 0.22959379099484067, 0.2300634999992326, 0.2304582910001045, 0.2296267500059912, 0.22951304199523292, 0.22959629200340714, 0.23022724999464117, 0.2298845000041183, 0.22966858300787862, 0.23047441701055504, 0.22965979200671427, 0.22975162499642465, 0.2296001249924302, 0.2294351249875035, 0.23059966700384393, 0.22961670899530873, 0.22955104199354537, 0.23195891600335017, 0.22947708300489467, 0.22963099999469705, 0.23269629100104794, 0.22949850000441074, 0.23133962499559857]}, "scheme3": {"enc": [0.002535041989176534, 0.002607875008834526, 0.0026457919884705916, 0.002326791000086814, 0.0018508339999243617, 0.0020837919873883948, 0.002616500001749955, 0.0025664999993750826, 0.0021471249929163605, 0.0024138750013662502, 0.002452833010465838, 0.0022472920099971816, 0.0025834160041995347, 0.0021380830003181472, 0.00232620800670702, 0.0024181670014513656, 0.002346417008084245, 0.0021722079982282594, 0.00248545799695421, 0.0024005830055102706, 0.002347041998291388, 0.0025821250019362196, 0.002364959000260569, 0.0023128339962568134, 0.002702582991332747, 0.002572666999185458, 0.002188500002375804, 0.0023506660072598606, 0.002599458006443456, 0.002566624985774979, 0.002073833005852066, 0.0024174169957404956, 0.002254375009215437, 0.00261016700824257, 0.002447083010338247, 0.0022548330016434193, 0.00231687500490807, 0.002274624988785945, 0.002358208002988249, 0.002486833996954374, 0.0021172499982640147, 0.0025160000077448785, 0.0026072499895235524, 0.00209929198899772, 0.002367917011724785, 0.002387583997915499, 0.0023226659977808595, 0.0027272500010440126, 0.0025268750032410026, 0.002527290998841636], "dec": [0.04215500000282191, 0.042298207990825176, 0.04216179200739134, 0.04244379200099502, 0.04241683299187571, 0.04235937500197906, 0.0421424580126768, 0.04206020900164731, 0.0424114589986857, 0.04215908300830051, 0.042184291989542544, 0.0420595829928061, 0.04207987499830779, 0.04225033299007919, 0.04215187499357853, 0.042114874988328665, 0.04229858299368061, 0.04226099999505095, 0.04204320900316816, 0.042103291998500936, 0.04218912500073202, 0.042022582987556234, 0.042368374997749925, 0.042172500005108304, 0.042131000009248964, 0.04241554100008216, 0.042185166996205226, 0.04215579199080821, 0.04207762499572709, 0.04206570901442319, 0.042451208995771594, 0.042105166998226196, 0.04227133298991248, 0.042348749993834645, 0.04202291699766647, 0.042275291998521425, 0.042011165991425514, 0.042279000001144595, 0.0421480839868309, 0.042175416005193256, 0.042121416990994476, 0.042104207997908816, 0.04211504200065974, 0.04208675000700168, 0.04207870799291413, 0.04209983299369924, 0.042056374993990175, 0.04228404100285843, 0.04238095799519215, 0.042198042006930336]}, "precompute_gm": {"enc": [0.0001297919952776283, 0.00011508300667628646, 0.0001294999965466559, 0.00012599999899975955, 0.00011225001071579754, 0.00011008400178980082, 0.00011254200944676995, 0.00010879100591409951, 0.00011320800695102662, 0.00011662500037346035, 0.00010729099449235946, 0.00011725000513251871, 0.0001142919936683029, 0.00010612499318085611, 0.00010912500147242099, 0.00013020800543017685, 0.00011091699707321823, 0.00011183299648109823, 0.00011958299728576094, 0.00010775000555440784, 0.0001099579967558384, 0.0001086249976651743, 0.00010941601067315787, 0.00011124998854938895, 0.00011404199176467955, 0.000112209003418684, 0.00010829100210685283, 0.00010937500337604433, 0.00011049999739043415, 0.00010945799294859171, 0.00011045800056308508, 0.00012974999845027924, 0.00010987500718329102, 0.00011191598605364561, 0.00010733399540185928, 0.00010929199925158173, 0.0001260410062968731, 0.00010687499889172614, 0.00010850001126527786, 0.00010916699829977006, 0.00010779099829960614, 0.00011483300477266312, 0.00010804100020322949, 0.00010895900777541101, 0.000127042003441602, 0.00011095800437033176, 0.00010954200115520507, 0.0001052919978974387, 0.00011291699775028974, 0.00010791698878165334], "dec": [0.04209462500875816, 0.04224079199775588, 0.04288516700034961, 0.042056167003465816, 0.04189116599445697, 0.04221745800168719, 0.04200654099986423, 0.04204899999604095, 0.042030208001961, 0.04195279200212099, 0.04212375001225155, 0.04234004199679475, 0.0420460000023013, 0.041993750011897646, 0.04214512500038836, 0.04206116699788254, 0.04213504200743046, 0.04202133399667218, 0.04238745800103061, 0.042198875002213754, 0.04219708401069511, 0.04205108300084248, 0.04210037499433383, 0.041984750001574866, 0.04210912500275299, 0.042204957993817516, 0.04209720899234526, 0.04215654099243693, 0.042034375001094304, 0.04203783300181385, 0.04217004201200325, 0.04197145800571889, 0.04317470800015144, 0.04198454201105051, 0.04195975000038743, 0.04209824999270495, 0.04205091699259356, 0.041957541994634084, 0.04264162499748636, 0.0420050410029944, 0.04216020899184514, 0.04195104200334754, 0.04207012499682605, 0.04221987500204705, 0.04204191699682269, 0.04194695899786893, 0.042268666002200916, 0.04190000001108274, 0.04207329200289678, 0.042076416008058004]}, "precompute_gnr": {"enc": [0.0030102080054348335, 0.003018167000846006, 0.0030919170094421133, 0.0027001670096069574, 0.002321459003724158, 0.0025188329891534522, 0.002991625005961396, 0.0029786659870296717, 0.002565208007581532, 0.002867874994990416, 0.0028854999982286245, 0.0026727500080596656, 0.0029801670025335625, 0.0025750000058906153, 0.002732834007474594, 0.002753417007625103, 0.0027744590042857453, 0.002551166995544918, 0.0028610840090550482, 0.002833999998983927, 0.0027788329898612574, 0.002996291994350031, 0.0027652909921016544, 0.00271424998936709, 0.0031270420004148036, 0.0030188749951776117, 0.0026013329916168004, 0.002765791999991052, 0.003012040993780829, 0.0030186250078259036, 0.0024950420047389343, 0.002824208000674844, 0.0027058750129071996, 0.004864333008299582, 0.0029936659993836656, 0.0029262499883770943, 0.002757708993158303, 0.0027425830048741773, 0.002782791998470202, 0.0029032079910393804, 0.0024973749968921766, 0.002914333002991043, 0.0029971670010127127, 0.0025651659962022677, 0.002763166994554922, 0.0027870409976458177, 0.0027282079972792417, 0.0031850829982431605, 0.002965915991808288, 0.002965749998111278],