{"cheat": false, "no_gnr": 5, "power": 65536, "default_keysize": 2048, "scheme1": {"enc": [0.1605164170032367, 0.1548525419930229, 0.15486895899812225, 0.15871358299045824, 0.16150000000197906, 0.1579537910001818, 0.16591662498831283, 0.1593752909975592, 0.15668645800906233, 0.17632624998805113, 0.17523725000501145, 0.16097500000614673, 0.19731062499340624, 0.16419458300515544, 0.15634412498911843, 0.1622035829932429, 0.16614120900339913, 0.15604991698637605, 0.16265354199276771, 0.17570504199829884, 0.15544879100343678, 0.16818837499886286, 0.15940741600934416, 0.17738129099598154, 0.15653258399106562, 0.1872483339975588, 0.16080541699193418, 0.15834845798963215, 0.15760379099810962, 0.15758233299129643, 0.17124304200115148, 0.1654476249968866, 0.16931533301249146, 0.16008191600849386, 0.1555848749994766, 0.15575729199917987, 0.1552885410055751, 0.15661029100010637, 0.1650782919896301, 0.15553908300353214, 0.1611697920016013, 0.1554232500056969, 0.15539100000751205, 0.15520700000342913, 0.15755124999850523, 0.15805037500103936, 0.15541920901159756, 0.15542974999698345, 0.17217495900695212, 0.1747373329999391], "dec": [0.24019008298637345, 0.24037029199826065, 0.2307192909938749, 0.2347725419967901, 0.2435635000001639, 0.23240462499961723, 0.243665708010667, 0.23143775000062305, 0.2539053749933373, 0.2563424580002902, 0.25071558299532626, 0.24006795899185818, 0.2672630840097554, 0.2317297499976121, 0.24656304100062698, 0.23357475000375416, 0.24884712499624584, 0.2509866670006886, 0.24226787500083447, 0.24042812500556465, 0.230812292007613, 0.24465274999965914, 0.25820154199027456, 0.24189900000055786, 0.2559620829997584, 0.23979354099719785, 0.2347244580014376, 0.23626450001029298, 0.23682691701105796, 0.24943691700173076, 0.24446341600560118, 0.24610441699041985, 0.23596633299894165, 0.23141699998814147, 0.2318024590058485, 0.2314559999940684, 0.23100474999228027, 0.246541000000434, 0.23978920800436754, 0.23306108299584594, 0.24233666600775905, 0.2312444580020383, 0.2312404999975115, 0.23170408299483825, 0.2313048340001842, 0.23161066698958166, 0.23144683300051838, 0.2345519999944372, 0.2564661659998819, 0.2469690420111874]}, "scheme3": {"enc": [0.037415707993204705, 0.03776116599328816, 0.037499124999158084, 0.03740112499508541, 0.03913754200038966, 0.0391649170051096, 0.037874417001148686, 0.040108375003910623, 0.03898670800845139, 0.03924091599765234, 0.037600666997605, 0.03847725001105573, 0.03934570799174253, 0.04242837498895824, 0.04143195798678789, 0.03720791600062512, 0.03737662499770522, 0.0377703330013901, 0.03816070800530724, 0.03774245899694506, 0.038256083003943786, 0.039000500008114614, 0.038969208995695226, 0.03842970800178591, 0.03865162500005681, 0.041630040999734774, 0.0380215000041062, 0.03826324999681674, 0.03871383301157039, 0.0407942500023637, 0.03837908399873413, 0.04079366600490175, 0.041014165995875373, 0.0382709999976214, 0.038463165998109616, 0.03799316700315103, 0.038034582990803756, 0.03895116700732615, 0.03824724999140017, 0.03797658300027251, 0.03774087499186862, 0.038590915995882824, 0.038168957995367236, 0.0377944999927422, 0.03765795899380464, 0.03796850000799168, 0.03845220900257118, 0.03820862500288058, 0.037671415993827395, 0.037754040997242555], "dec": [0.044359667008393444, 0.042816792003577575, 0.04275766700448003, 0.04474354199192021, 0.045415750006213784, 0.04362195800058544, 0.044601500005228445, 0.04378300000098534, 0.043483916990226135, 0.04392354199080728, 0.04429304199584294, 0.04370908299461007, 0.04678124999918509, 0.04656429200258572, 0.04316545800247695, 0.04277862500748597, 0.044534165994264185, 0.04334587500488851, 0.04280366699094884, 0.04278970800805837, 0.04509891699126456, 0.04609074999461882, 0.04380591599328909, 0.04409312500501983, 0.04399358399678022, 0.045080416995915584, 0.043674542001099326, 0.046523957993485965, 0.04367074999026954, 0.0461115000071004, 0.04345895801088773, 0.04895245899388101, 0.04649779200553894, 0.04357174999313429, 0.04431187499722, 0.04338604198710527, 0.043610666994936764, 0.04523520800285041, 0.04508066699781921, 0.04345312500663567, 0.04663466599595267, 0.04379745900223497, 0.04348208400188014, 0.0434464160061907, 0.04341470799408853, 0.04355804198712576, 0.043526875000679865, 0.044711416005156934, 0.04345687500608619, 0.043878666998352855]}, "precompute_gm": {"enc": [0.043072667001979426, 0.042230959006701596, 0.03964149999956135, 0.0365075839945348, 0.03538399998797104, 0.04045537499769125, 0.03639658300380688, 0.035512083006324247, 0.03574158399715088, 0.04102699999930337, 0.04084362499997951, 0.03634237499500159, 0.03797679199487902, 0.04117154100094922, 0.039870874999905936, 0.038978333002887666, 0.03591745799349155, 0.03454937499191146, 0.03537287499057129, 0.03470645900233649, 0.03541475000383798, 0.04121862500323914, 0.03755412499594968, 0.03459312500490341, 0.0344736249971902, 0.034681666002143174, 0.03480508299253415, 0.03462687499995809, 0.03623279200110119, 0.034453416999895126, 0.03607304200704675, 0.03478233300847933, 0.034669209009734914, 0.035013957996852696, 0.035183166997740045, 0.04715629199927207, 0.037196459001279436, 0.03479391700238921, 0.03447333299845923, 0.034751166007481515, 0.03468612500000745, 0.034505000003264286, 0.03476541698910296, 0.03623616600816604, 0.0345215410052333, 0.03467754099983722, 0.034529333002865314, 0.03464920799888205, 0.03455295799358282, 0.03452737499901559], "dec": [0.04932024999288842, 0.0464312909898581, 0.045136999993701465, 0.04402950000076089, 0.043064958008471876, 0.047413334003067575, 0.04366433300310746, 0.04329391699866392, 0.04478816600749269, 0.049640249999356456, 0.04556254099588841, 0.04519037500722334, 0.04890716599766165, 0.04796575001091696, 0.04789120799978264, 0.04626704200927634, 0.042637000005925074, 0.04243641700304579, 0.04341916600242257, 0.04247241599659901, 0.04509824998967815, 0.05122704200039152, 0.042884334005066194, 0.04240833299991209, 0.04270225000800565, 0.04276641699834727, 0.04257541699917056, 0.042928791997837834, 0.042451666013221256, 0.042549625009996817, 0.04546579098678194, 0.04246754199266434, 0.04237062500033062, 0.04260958400845993, 0.04617862499435432, 0.05010900000343099, 0.043750832992373034, 0.04235033299482893, 0.04249491699738428, 0.04230345899122767, 0.04232137500366662, 0.042303832990000956, 0.04302391600504052, 0.043019541990361176, 0.04241650000039954, 0.04240466699411627, 0.04242233300465159, 0.042366458001197316, 0.04231645801337436, 0.042469084000913426]}, "precompute_gnr": {"enc": [0.0031845000048633665, 0.0024766249989625067, 0.0031575419998262078, 0.0030830839968984947, 0.003139541993732564, 0.003319041003123857, 0.0029999580001458526, 0.002639708007336594, 0.003406542004086077, 0.003123583010165021, 0.003151416007312946, 0.0030298750061774626, 0.0029597909888252616, 0.002982374993734993, 0.0030390419997274876, 0.00269875000230968, 0.003082915995037183, 0.0030808750016149133, 0.0033710419957060367, 0.003147459006868303, 0.003302083001472056, 0.0030963749886723235, 0.0031997500045690686, 0.0031456669967155904, 0.003014749992871657, 0.0036004170106025413, 0.0034509170072851703, 0.0032220419961959124, 0.002988459003972821, 0.003567624997231178, 0.004196209003566764, 0.00363445800030604, 0.002778125010081567, 0.0027479999989736825, 0.0031397500133607537, 0.0026741660112747923, 0.0030247499962570146, 0.0029148750036256388, 0.0026607920008245856, 0.002953792005428113, 0.0027244590019108728, 0.0034038750018225983, 0.0029463340033544227, 0.0029165419982746243, 0.0026940840034512803, 0.0028884170023957267, 0.0027495840040501207, 0.0028665830031968653, 0.002638750011101365, 0.002758917005849071],