{"cheat": false, "no_gnr": 5, "power": 65536, "default_keysize": 2048, "scheme1": {"enc": [0.15368595900008586, 0.15599570799986395, 0.15448212500041336, 0.15348862500013638, 0.15348625000024185, 0.1553711659998953, 0.15925995800034798, 0.15834320800013302, 0.16007174999958806, 0.15464004100022066, 0.15307083300012891, 0.15339774999984002, 0.15254787500043676, 0.15247629200030133, 0.15291483400005745, 0.15269337500012625, 0.15281545899961202, 0.1577301659999648, 0.1530142500000693, 0.1529270840001118, 0.1530123749998893, 0.1524760829997831, 0.15298733300005551, 0.15308300000015151, 0.1530827080000563, 0.15351479099990684, 0.15309158299987757, 0.15361087499968562, 0.15315179199978957, 0.1528107090002777, 0.15306520800004364, 0.15471583399994415, 0.1530106249997516, 0.15297670899963123, 0.15290029200014033, 0.1534505409999838, 0.15283366599987858, 0.15295170800027336, 0.1528577080002833, 0.15289900000016132, 0.15292399999998452, 0.1529202090000581, 0.15300787500018487, 0.15293808300020828, 0.1523963750000803, 0.15252854199979993, 0.15273866600000474, 0.15264091600010943, 0.15281366599992907, 0.15318000000024767], "dec": [0.23363333299994338, 0.23162116700041224, 0.22891495799967743, 0.2293122080000103, 0.2288444169998911, 0.23016404200006946, 0.23205583399976604, 0.24372366699981285, 0.2309594170001219, 0.22968074999971577, 0.22980695799969908, 0.22828733300002568, 0.228233791999628, 0.2288246660000368, 0.2284175409999989, 0.22838833399964642, 0.2283885410001858, 0.22862816700035182, 0.22845087499990768, 0.22827400000005582, 0.22830012500025987, 0.22960154200018223, 0.2287874590001593, 0.229530333999719, 0.2301870000001145, 0.2288578749999033, 0.22889633400018283, 0.22869762500022262, 0.2290721660001509, 0.23098041599996577, 0.22880445800001326, 0.22917429100016307, 0.2286220000000867, 0.22889354100016135, 0.2288050829997701, 0.22898162499996033, 0.22960275000014008, 0.22868895900001007, 0.22859304199982944, 0.22862770799974896, 0.2286749170002622, 0.23001858299994637, 0.22932099999979982, 0.22856491699985781, 0.22875791700016634, 0.22838029100012136, 0.22834983400025521, 0.22971412499964572, 0.22889662499983388, 0.22996429099976012]}, "scheme3": {"enc": [0.03629924999995637, 0.036364374999720894, 0.036246041000140394, 0.03646225000011327, 0.03611275000002934, 0.03637845899993408, 0.03655604100003984, 0.03645412500009115, 0.03670129200008887, 0.03624891599974944, 0.03650266700014981, 0.036029874999712774, 0.035968791999948735, 0.0359416669998609, 0.036451792000207206, 0.036169917000279384, 0.03660966699999335, 0.03671691699992152, 0.036287458000060724, 0.03581158399993001, 0.03615499999978056, 0.03590512500022669, 0.03607987499981391, 0.03622154100003172, 0.036251624999749765, 0.03615666699988651, 0.0364079999999376, 0.03611104100036755, 0.03656849999970291, 0.03628225000011298, 0.036261833000025945, 0.036200000000008004, 0.03621045799991407, 0.0364302919997499, 0.036418582999885984, 0.03633587500007707, 0.03617695800039655, 0.0362977919999139, 0.036135541000021476, 0.03658237499985262, 0.036389417000009416, 0.03681562500014479, 0.03656258299997717, 0.03605304199982129, 0.0357254999998986, 0.036064083999917784, 0.03642870800013043, 0.03640633299983165, 0.03605416700020214, 0.03645579100020768], "dec": [0.041962208000313694, 0.04200129100036065, 0.04199941699971532, 0.0420177920000242, 0.042124000000058004, 0.042023750000225846, 0.04195274999983667, 0.04200270899991665, 0.04195000000026994, 0.0420214170003419, 0.042064792000019224, 0.04198570900007326, 0.04200245799984259, 0.042054750000261265, 0.04196037499968952, 0.042026999999961845, 0.04202220800016221, 0.042044457999963925, 0.04198379199988267, 0.04201466599988635, 0.041970374999891646, 0.041976583000177925, 0.04201554200017199, 0.04216704200007371, 0.04263050000008661, 0.04199129200014795, 0.042239250000420725, 0.042111041999760346, 0.04197462499996618, 0.041982124999776715, 0.04199608300041291, 0.04196937500000786, 0.04199095900003158, 0.04221499999994194, 0.041978375000326196, 0.041986582999925304, 0.041984374999628926, 0.0419716670003254, 0.04199320899988379, 0.04197495800008255, 0.042018790999918565, 0.0419892909999362, 0.042160834000242176, 0.042138792000059766, 0.04201979199979178, 0.04200020799999038, 0.04203195899981438, 0.04198883300023226, 0.04204179199996361, 0.04198624999980893]}, "precompute_gm": {"enc": [0.03420937500004584, 0.034118541999760055, 0.034176374999788095, 0.03406762499980687, 0.03405974999986938, 0.03422158400007902, 0.03420395900002404, 0.034012916999927256, 0.0343118340001638, 0.03416366700002982, 0.034003875000053085, 0.03423641700010194, 0.03420329199980188, 0.03432008300023881, 0.03429599999981292, 0.03412729199999376, 0.0340915000001587, 0.03411604199982321, 0.03408679199992548, 0.03402925000000323, 0.03490966700019271, 0.034158792000198446, 0.03418016700015869, 0.035123791999922105, 0.03411187499978041, 0.03461741599994639, 0.03427404200010642, 0.0342933339998126, 0.03492666599959193, 0.03428399999984322, 0.03440000000000509, 0.034443042000020796, 0.034323333999964234, 0.034211374999813415, 0.03407554099976551, 0.03418420900015917, 0.03421341599960215, 0.03430070900003557, 0.03430070900003557, 0.034198416999970505, 0.03428837499996007, 0.03402654199999233, 0.03419812500033004, 0.03518424999992931, 0.034233374999985244, 0.03446408399986467, 0.03412629200010997, 0.0341635419999875, 0.03413683300004777, 0.03416762500000914], "dec": [0.04150404200026969, 0.04146591700009594, 0.041472875000181375, 0.04150875000004817, 0.04151666699999623, 0.04172929100013789, 0.04146408299993709, 0.04179870799998753, 0.04146704100003262, 0.041773374999593216, 0.04151350000029197, 0.0414973749998353, 0.04146820799996931, 0.041469083999800205, 0.04177987499997471, 0.04146587500008536, 0.04148020799993901, 0.041466958000000886, 0.04161516700014545, 0.04330866700001934, 0.041702832999817474, 0.04151745799981654, 0.04202041600001394, 0.041499291000036465, 0.04194254200001524, 0.0428914590002023, 0.04152562499984924, 0.041801040999871475, 0.04304637500035824, 0.04155354200020156, 0.04223425000009229, 0.04174949999969613, 0.042029540999919845, 0.04150854199997411, 0.04145112500009418, 0.041451665999829856, 0.04152041700035625, 0.041524000000208616, 0.04147445799981142, 0.04273262500009878, 0.04150933399978385, 0.04147895799997059, 0.04149970799971925, 0.04172416700021131, 0.04162195800017798, 0.041490708000310406, 0.041469874999620515, 0.04147483299993837, 0.041459417000169196, 0.04146625000021231]}, "precompute_gnr": {"enc": [0.002992084000197792, 0.002864958999907685, 0.002866125000309694, 0.0029362079999373236, 0.0028969590002816403, 0.003177292000145826, 0.003143792000173562, 0.0027905409997401875, 0.0031663330000810674, 0.0027452909998828545, 0.0029844159998901887, 0.002694000000246888, 0.0025442080000175338, 0.0025333749999845168, 0.0029916250000496802, 0.002686958999674971, 0.0031368330000987044, 0.0029420830001072318, 0.0030899160001354176, 0.0024537500003134483, 0.0028535830001601425, 0.0024663340000188327, 0.0027393330001359573, 0.0027476249997562263, 0.0028814170000259764, 0.0027926669999942533, 0.003258541999912268, 0.0029130000002624, 0.002925416999914887, 0.0028031670003656473, 0.002749708000010287, 0.0027267919999758305, 0.0027272920001450984, 0.003015666000010242, 0.0029711659999520634, 0.0028024589996675786, 0.0029599579997920955, 0.0028721250000671716, 0.0028153749999546562, 0.003053083999930095, 0.003105250000317028, 0.00321612500010815, 0.0029683329998988484, 0.0028352090002954355, 0.0021942079997643305, 0.002845166000042809, 0.003004250000230968, 0.003108166999936657, 0.0024926250002863526, 0.002648209000199131],