{"cheat": false, "no_gnr": 5, "power": 65536, "default_keysize": 2048, "scheme1": {"enc": [0.1753632089967141, 0.15323604199875263, 0.15342550000059418, 0.156216499999573, 0.1530543749977369, 0.1572009999981674, 0.15869383400058723, 0.15464254199832794, 0.15274958300142316, 0.15211658400221495, 0.15239279200250166, 0.1523116670032323, 0.1525279169982241, 0.15325791699797264, 0.1522588750012801, 0.15226008299941896, 0.15227066700026626, 0.15229816599821788, 0.15228524999838555, 0.1522617500013439, 0.15225833400108968, 0.15574712499801535, 0.1524736249994021, 0.15463166599874967, 0.15422949999992852, 0.15333879199897638, 0.15297295799973654, 0.1524707499993383, 0.15235316699909163, 0.15321183299965924, 0.15287987500050804, 0.15240841700142482, 0.1522989580007561, 0.15270487499947194, 0.1522125830015284, 0.15251400000124704, 0.15232937499968102, 0.152775416001532, 0.1524859170021955, 0.1525610829994548, 0.15340933299739845, 0.1529065830000036, 0.15265362500213087, 0.1524182089997339, 0.1524508340007742, 0.15306966699790792, 0.1523388329987938, 0.15236174999881769, 0.15333737499895506, 0.15233687500222004], "dec": [0.23693437500332948, 0.2308952909988875, 0.23821741600113455, 0.23354050000125426, 0.22807633300180896, 0.2276409580008476, 0.2263738330002525, 0.22881537500143168, 0.22830808399885427, 0.22621754099964164, 0.22677270799977123, 0.22737958299694583, 0.2285554170011892, 0.2262912080004753, 0.2262827919985284, 0.22670620899953065, 0.22617824999906588, 0.22621412499938742, 0.22625854200305184, 0.22624183299922151, 0.22644175000095856, 0.230051167000056, 0.22755116700136568, 0.2277139170000737, 0.228886707998754, 0.22894670800087624, 0.22795733400198515, 0.2287531250003667, 0.22629891700125881, 0.22716508300072746, 0.22730595800021547, 0.2262155829994299, 0.22616491699955077, 0.22657483299917658, 0.2261280419988907, 0.2278863329993328, 0.2263642500001879, 0.22624137499951757, 0.22819154099852312, 0.2271883749999688, 0.2286026670008141, 0.22636183299982804, 0.22756666699933703, 0.2262230410015036, 0.22635970800183713, 0.22613195800295216, 0.22621270899981027, 0.2262039579982229, 0.228827208000439, 0.2263329999987036]}, "scheme3": {"enc": [0.2875845830021717, 0.2863687919998483, 0.28662025000085123, 0.2855839580006432, 0.2886274590018729, 0.28812083400043775, 0.29768787500142935, 0.2947788749988831, 0.2887901249996503, 0.3088867910009867, 0.3034105000006093, 0.3051556669997808, 0.30639441599851125, 0.29081604100065306, 0.3214313750031579, 0.3005905409991101, 0.304643457999191, 0.29414333399836323, 0.29761225000038394, 0.2919177080002555, 0.29107120799744735, 0.30131099999925937, 0.2979941250014235, 0.29464787500182865, 0.2924209160009923, 0.28640441600146005, 0.2883189170024707, 0.2903461669993703, 0.28967358299996704, 0.30128166600115946, 0.2876587090031535, 0.28524033400026383, 0.28555095800038544, 0.28920641700096894, 0.2893114170001354, 0.28667816600136575, 0.28942866700162995, 0.28510520800045924, 0.2886138329995447, 0.2871302919993468, 0.28459325000221725, 0.2864389999995183, 0.2852020000027551, 0.28715466699941317, 0.28512925000177347, 0.2868195840019325, 0.289486665998993, 0.2846084160009923, 0.2848217079990718, 0.2847894160004216], "dec": [0.04177233399968827, 0.04186562500035507, 0.04258316599953105, 0.041813916999672074, 0.04238249999980326, 0.04444858300121268, 0.04305962499711313, 0.042541083003015956, 0.043680000002495944, 0.04382837500088499, 0.043221584001003066, 0.04391154199765879, 0.043186334001802607, 0.04375162499854923, 0.04891387499810662, 0.042990499998268206, 0.042083000000275206, 0.04349654100224143, 0.04241675000230316, 0.042216499998176005, 0.04513616700205603, 0.04431408299933537, 0.0438938329971279, 0.04330758300056914, 0.042664166998292785, 0.042035624999698484, 0.0419558749999851, 0.04217220800273935, 0.045715625001321314, 0.04277912500037928, 0.04230670799734071, 0.04175050000048941, 0.04250070799753303, 0.042508874998020474, 0.04255354099950637, 0.04256362499654642, 0.04251687500072876, 0.042509624996455386, 0.0425998749997234, 0.042560583002341446, 0.04174266599875409, 0.04252541599998949, 0.04197791699698428, 0.042480000000068685, 0.04172283399748267, 0.042678499998146435, 0.04252683400045498, 0.041756209000595845, 0.04173270899991621, 0.04176958400057629]}, "opt1": {"enc": [0.28451358299935237, 0.2835105000012845, 0.28801170899896533, 0.28533154199976707, 0.28407920799872954, 0.28514362499845447, 0.2871521250017395, 0.28368966699781595, 0.28414737500133924, 0.2844767920032609, 0.28820108299987623, 0.28834249999999884, 0.2841567909999867, 0.283525083999848, 0.28373170800114167, 0.28343387500353856, 0.2845630000010715, 0.2845372080009838, 0.28832941699874937, 0.2882238750025863, 0.2847364169974753, 0.2837729590028175, 0.2830063750006957, 0.2878442080000241, 0.28351891599959345, 0.283155416000227, 0.2836507079991861, 0.28373437499976717, 0.2871506250012317, 0.28785687499839696, 0.28351262499927543, 0.28765075000046636, 0.2877100830010022, 0.28764400000000023, 0.28378008299841895, 0.2852771660000144, 0.2834612920014479, 0.28331012499984354, 0.2833745829993859, 0.28533075000086683, 0.28828087500005495, 0.2875850839991472, 0.2877133750007488, 0.29436183299912955, 0.2898170000007667, 0.2843702500031213, 0.28372608400241006, 0.28804125000169734, 0.2866455000003043, 0.2873270419986511], "dec": [0.0414992500009248, 0.041620874999352964, 0.04230045800068183, 0.0414664170020842, 0.04169962499872781, 0.04142604099979508, 0.042311166998842964, 0.0414954170009878, 0.04149241599952802, 0.04144229199664551, 0.04228037499706261, 0.04222870900048292, 0.0414254589995835, 0.04141279100076645, 0.041493000000627944, 0.041475832997093676, 0.041496249999909196, 0.041437791998760076, 0.04229120800300734, 0.042327499999373686, 0.04143345800184761, 0.04148104099658667, 0.04153537499951199, 0.042322666999098146, 0.041452958997979295, 0.04147595899848966, 0.041435292001551716, 0.04144024999914109, 0.042244083000696264, 0.04230466599983629, 0.04149354200126254, 0.04226220799682778, 0.042288374999770895, 0.04225041700192378, 0.041447583000262966, 0.0414321669995843, 0.041444666996540036, 0.04144345799795701, 0.041437625000980916, 0.041481625001324574, 0.04231795799933025, 0.04226095800186158, 0.04225229199801106, 0.04369299999962095, 0.04174462499941001, 0.04146629199749441, 0.041459290998318465, 0.04225245799898403, 0.042312249999667984, 0.042298291002225596]}, "opt2": {"enc": [0.002846999999746913, 0.0030210420009098016, 0.003044666998903267, 0.0029443749990605284, 0.002926958000898594, 0.002740084000834031, 0.002867707997211255, 0.0029760830002487637, 0.0026654169996618293, 0.0031033750019560102, 0.002915334000135772, 0.0027569160010898486, 0.00311712499751593, 0.002348875001189299, 0.0028467500014812686, 0.0027017499996873084, 0.0027087500020570587, 0.0031966669994289987, 0.003091875001700828, 0.0027740420009649824, 0.0028446669966797344, 0.0027934169993386604, 0.0030520420004904736, 0.0033197500015376136, 0.0030499159984174185, 0.0028597080017789267, 0.002861917000700487, 0.002890625000873115, 0.002924750002421206, 0.002849708998837741, 0.002529375000449363, 0.0028109169979870785, 0.0027802080003311858, 0.0028545419991132803, 0.002650791997439228, 0.002832250000210479, 0.0029901669986429624, 0.0025444170023547485, 0.002741083000728395, 0.002877582999644801, 0.0028723750001518056, 0.0027617910018307157, 0.0029468749999068677, 0.002335957997274818, 0.002724916997976834, 0.0029743750019406434, 0.00303791699843714, 0.002616958001453895, 0.002964833998703398, 0.002875833000871353],