{"cheat": false, "scheme1": {"enc": [0.1540411669993773, 0.15455749991815537, 0.1559959159931168, 0.1535489169182256, 0.15278258291073143, 0.15298533404711634, 0.1521906660636887, 0.15320649999193847, 0.1525529169011861, 0.152182332938537, 0.15252695803064853, 0.1519719579955563, 0.1522630410036072, 0.1523244590498507, 0.16061812499538064, 0.169072916964069, 0.16226395801641047, 0.16076212492771447, 0.1582172909984365, 0.15818166709505022, 0.1572900420287624, 0.15792754106223583, 0.16052400006446987, 0.15539679198991507, 0.15413183299824595, 0.1534795000916347, 0.1622114999918267, 0.1572780420538038, 0.15703579201363027, 0.15718324994668365, 0.1587393330410123, 0.20356033300049603, 0.1612419169396162, 0.15734804107341915, 0.15715854102745652, 0.15733958291821182, 0.15753716696053743, 0.15792533301282674, 0.15683416707906872, 0.15458533389028162, 0.1539638329995796, 0.15306599996984005, 0.15402316697873175, 0.1527943330584094, 0.15552216698415577, 0.15476970793679357, 0.154408875037916, 0.15329162497073412, 0.15286437491886318, 0.1534611249808222], "dec": [0.2284949169261381, 0.22791479201987386, 0.23081112501677126, 0.228272958076559, 0.2278027090942487, 0.22805220796726644, 0.227625333936885, 0.22727400006260723, 0.2265940000070259, 0.22703433397691697, 0.22691566694993526, 0.22817029198631644, 0.22811004205141217, 0.22739633300807327, 0.24140862503554672, 0.23419154109433293, 0.25850658398121595, 0.23542975005693734, 0.23661620903294533, 0.23512966593261808, 0.23418774991296232, 0.2365902499295771, 0.24055304192006588, 0.22959649993572384, 0.22957245900761336, 0.23659170791506767, 0.2349975829711184, 0.23377837496809661, 0.23455991595983505, 0.2346727920230478, 0.2382324169157073, 0.24194999993778765, 0.23398775001987815, 0.2337717500049621, 0.23396354203578085, 0.233896917081438, 0.23548745806328952, 0.2351388749666512, 0.23079333291389048, 0.22953533299732953, 0.22849837504327297, 0.2285553750116378, 0.22865012509282678, 0.22824441699776798, 0.22985520795919, 0.23150950006674975, 0.2303327089175582, 0.22956620797049254, 0.22786916699260473, 0.22918529098387808]}, "scheme3": {"enc": [0.28909445798490196, 0.29169437498785555, 0.29038275009952486, 0.29314795800019056, 0.2922089999774471, 0.29114145797211677, 0.2919402919942513, 0.2919342920649797, 0.2922900420380756, 0.2912803750950843, 0.2964781249174848, 0.29182545794174075, 0.29169237497262657, 0.29417879204265773, 0.2937300830380991, 0.2917142079677433, 0.29561087500769645, 0.2947457500267774, 0.2917260410031304, 0.29188249993603677, 0.2913202919298783, 0.2906495830975473, 0.29018333298154175, 0.29121608403511345, 0.29131958296056837, 0.29139791592024267, 0.29158037493471056, 0.2942445420194417, 0.2942184170242399, 0.2930578750092536, 0.29325874999631196, 0.2929079158930108, 0.2925097920233384, 0.293377915979363, 0.29125466605182737, 0.2925640409812331, 0.29908883397001773, 0.3041043330449611, 0.2994335409021005, 0.2940330000128597, 0.2975786670576781, 0.30561170808505267, 0.3061172909801826, 0.3054549159714952, 0.3087039579404518, 0.2990353340283036, 0.30004024994559586, 0.29752091702539474, 0.2976575829088688, 0.29957775003276765], "dec": [0.04287295800168067, 0.042417916003614664, 0.04200429189950228, 0.0428465420845896, 0.04191183403600007, 0.04243679193314165, 0.04235658294055611, 0.0425599169684574, 0.042754041031003, 0.042770540923811495, 0.042092209099791944, 0.042376500088721514, 0.04315845901146531, 0.042861833004280925, 0.04263933305628598, 0.042496041976846755, 0.04345712496433407, 0.04264579201117158, 0.04271141707431525, 0.042314084013924, 0.042015040991827846, 0.04220749996602535, 0.042397334007546306, 0.04258937493432313, 0.042812917032279074, 0.04243670904543251, 0.042754583060741425, 0.043016041978262365, 0.0426607079571113, 0.04251991701312363, 0.04266675002872944, 0.04272400005720556, 0.04254062497057021, 0.04237958393059671, 0.04274466692004353, 0.04562520899344236, 0.045051833032630384, 0.042824333999305964, 0.04303487506695092, 0.042918833903968334, 0.04367512499447912, 0.04362837492953986, 0.043508834089152515, 0.04512895899824798, 0.04451937507838011, 0.04378758301027119, 0.04341550008393824, 0.04344449995551258, 0.04339841706678271, 0.043575207935646176]}, "opt1": {"enc": [0.28846958302892745, 0.2879847079748288, 0.29024987493176013, 0.2912158750696108, 0.29473045899067074, 0.2996687920531258, 0.29591258300933987, 0.2987432919908315, 0.3177520000608638, 0.2943914170609787, 0.2955994999501854, 0.2946756250457838, 0.2950469170464203, 0.29447891702875495, 0.29485350009053946, 0.2951218329835683, 0.29053212504368275, 0.28837095806375146, 0.29149954195600003, 0.2951927090762183, 0.3000372499227524, 0.2944238750496879, 0.2943831669399515, 0.29485916707199067, 0.2949914999771863, 0.2938519169110805, 0.2933659170521423, 0.2929022089811042, 0.28912458394188434, 0.28972574998624623, 0.2974357500206679, 0.2934549170313403, 0.28993454098235816, 0.2909652499947697, 0.29106929199770093, 0.2923099590698257, 0.2947182090720162, 0.29090550006367266, 0.3010172079084441, 0.29760554200038314, 0.29810904094483703, 0.29050500004086643, 0.2930987919680774, 0.2925381660461426, 0.2893299580318853, 0.29870425001718104, 0.298853125073947, 0.2984460829757154, 0.3000084579689428, 0.29386874998454005], "dec": [0.04225283407140523, 0.04180679202545434, 0.04215083399321884, 0.042319415952079, 0.04374754102900624, 0.04251345794182271, 0.043491541990078986, 0.04322008299641311, 0.0502785419812426, 0.04343404190149158, 0.04292162507772446, 0.04287729202769697, 0.04289183299988508, 0.0430770410457626, 0.04301762499380857, 0.04289733408950269, 0.043276207987219095, 0.042683959007263184, 0.04413216596003622, 0.04372779093682766, 0.043005584040656686, 0.04315070796292275, 0.043025042046792805, 0.04311929096002132, 0.04287691705394536, 0.043162250076420605, 0.043849832960404456, 0.04224058298859745, 0.042290749959647655, 0.04312645795289427, 0.042285332921892405, 0.04233629105146974, 0.04248245898634195, 0.04281120793893933, 0.04318495804909617, 0.04276500002015382, 0.04272562498226762, 0.04493608290795237, 0.043426542077213526, 0.04322883300483227, 0.0423243340337649, 0.04223129199817777, 0.04257237503770739, 0.04228862491436303, 0.042538249981589615, 0.04299445799551904, 0.04287866596132517, 0.04779570794198662, 0.04339204204734415, 0.04412395798135549]}, "opt2": {"enc": [0.003336791996844113, 0.003470208030194044, 0.0033829170279204845, 0.003666625008918345, 0.003477166988886893, 0.003668084042146802, 0.0029429160058498383, 0.0033185830106958747, 0.0036924579180777073, 0.003277249983511865, 0.003171375021338463, 0.0035541659453883767, 0.0036644169595092535, 0.003541833022609353, 0.003538375021889806, 0.003419624990783632, 0.003692333004437387, 0.0031687499722465873, 0.0035588749451562762, 0.0037665419513359666, 0.0032975419890135527, 0.003525041975080967, 0.0035937089705839753, 0.003354292013682425, 0.0033763329265639186, 0.0031487499363720417, 0.003418667009100318, 0.0032897080527618527, 0.003446207963861525, 0.0034710000036284328, 0.0035518330987542868, 0.002999249962158501, 0.003085874952375889, 0.0036028330214321613, 0.003362458082847297, 0.0032226250041276217, 0.003581458004191518, 0.0031649579759687185, 0.003357916953973472, 0.003380457987077534, 0.0028673330089077353, 0.003333583939820528, 0.0031558339251205325, 0.0035123749403283, 0.0034084999933838844, 0.003343333024531603, 0.0035454999888315797, 0.0033401669934391975, 0.003314165980555117, 0.0036048750625923276],