{"cheat": false, "no_gnr": 5, "power": 65536, "default_keysize": 2048, "scheme1": {"enc": [0.1306712920049904, 0.12981633300660178, 0.13694658300664742, 0.14579491699987557, 0.14213312498759478, 0.16464545800408814, 0.1296833329979563, 0.13291054200090002, 0.13304625000455417, 0.12847620800312143, 0.12826783298805822, 0.12864170799730346, 0.12725012500595767, 0.12952670799859334, 0.12966866701026447, 0.12757370799954515, 0.12903795900638215, 0.12829816700832453, 0.12930641700222623, 0.12862545800453518, 0.12893104100658093, 0.12724616700143088, 0.12830070799100213, 0.14144883400877006, 0.13189979099843185, 0.12758216599468142, 0.1308102499897359, 0.12834825000027195, 0.12842358300986234, 0.13090508298773784, 0.12740345900238026, 0.13130045900470577, 0.1294614999933401, 0.1290795840031933, 0.12814745800278615, 0.12861695799801964, 0.1296599579945905, 0.1297605419968022, 0.1296374170051422, 0.1282979579991661, 0.12722199999552686, 0.13003437500447035, 0.1452852910006186, 0.13978154200594872, 0.1296566250093747, 0.14270962499722373, 0.13193658301315736, 0.13428574999852572, 0.14583691599546, 0.12901312499889173], "dec": [0.2355594580003526, 0.23359762500331271, 0.2592781669955002, 0.26190020800277125, 0.25212791599915363, 0.2460564590001013, 0.23865037500218023, 0.24662183299369644, 0.23360833300102968, 0.23238716699415818, 0.2300203339982545, 0.23451770799874794, 0.2321823329984909, 0.23476804200618062, 0.23326733299472835, 0.23008841699629556, 0.23406179099401925, 0.22999579198949505, 0.2345889169955626, 0.23442379200423602, 0.23208004199841525, 0.23019270799704827, 0.23430820800422225, 0.23519287499948405, 0.23864204199344385, 0.2430489169928478, 0.23397566699713934, 0.23471533300471492, 0.23055283399298787, 0.23442325000360142, 0.22999504099425394, 0.23435374999826308, 0.2345048749994021, 0.2327288749947911, 0.22993016699911095, 0.2343345830013277, 0.23430916700453963, 0.23452345799887553, 0.23293845799344126, 0.23437674999877345, 0.2306860419921577, 0.2484960829897318, 0.24968304199865088, 0.23810599998978432, 0.2380716659972677, 0.26092016699840315, 0.23353695799596608, 0.2587769169913372, 0.24155145899567287, 0.23489291599253193]}, "scheme3": {"enc": [0.25749754199932795, 0.2579756249906495, 0.2584294159896672, 0.2569590830098605, 0.25750691699795425, 0.2576618330058409, 0.2563460829987889, 0.2578696249984205, 0.25726295899949037, 0.25663916699704714, 0.25822412500565406, 0.2562187500006985, 0.25791895799920894, 0.2571056249871617, 0.2570831249904586, 0.2574654579948401, 0.2578728329972364, 0.2585732919978909, 0.2571437500009779, 0.2571280830015894, 0.2581257080018986, 0.2574185830017086, 0.25584233400877565, 0.2570172499981709, 0.2570049579953775, 0.2569237910065567, 0.25806670800375286, 0.27231962500081863, 0.2667366670066258, 0.26205558399669826, 0.2707634580001468, 0.25436099999933504, 0.25634533300762996, 0.2569327079982031, 0.25878141599241644, 0.2580938749888446, 0.25841737500741147, 0.25497129099676386, 0.2579263749939855, 0.2583806249895133, 0.2579734169994481, 0.2576555839914363, 0.2570697079936508, 0.25822058400081005, 0.2584372079872992, 0.25440858300135005, 0.25510224999743514, 0.25854862500273157, 0.25534429200342856, 0.2580761249992065], "dec": [0.04254120799305383, 0.04220808400714304, 0.04247958400810603, 0.04235674999654293, 0.042195999994874, 0.04240170799312182, 0.04213370900833979, 0.042284458002541214, 0.04206187499221414, 0.04220562499540392, 0.04188883400638588, 0.042473417008295655, 0.041778625003644265, 0.042463875011890195, 0.04245329200057313, 0.04247804199985694, 0.042454333990463056, 0.04237120800826233, 0.04242862500541378, 0.042062459004228, 0.0424841249914607, 0.042166291998000816, 0.041981207992648706, 0.042434125003637746, 0.042372291994979605, 0.04250337499252055, 0.041670624996186234, 0.04749695801001508, 0.04297458298970014, 0.04567995799880009, 0.042433082999195904, 0.04228395799873397, 0.041675417000078596, 0.042409708999912255, 0.04247741699509788, 0.04241291699872818, 0.04253158299252391, 0.04174354199494701, 0.042392791001475416, 0.042496084002777934, 0.04245129199989606, 0.04247125000983942, 0.042450374996406026, 0.04241137499047909, 0.0424072919995524, 0.04165133400238119, 0.04238841700134799, 0.04239545798918698, 0.042385958004160784, 0.042456833994947374]}, "opt1": {"enc": [0.2538770840037614, 0.25426074999268167, 0.254249166988302, 0.25208125000062864, 0.25451516700559296, 0.2540625420078868, 0.2545372500026133, 0.25400883400288876, 0.25301804099581204, 0.2529428330017254, 0.25514258300245274, 0.2510810410021804, 0.2523245830088854, 0.2528821669984609, 0.2533110000076704, 0.25102566699206363, 0.2547906249965308, 0.2549307500012219, 0.2538512500032084, 0.2509317910007667, 0.26052000001072884, 0.2885650410025846, 0.2645173749915557, 0.25334929100063164, 0.26759387500351295, 0.28021945799991954, 0.2915231670049252, 0.28966904198750854, 0.2800130420073401, 0.27196008298778906, 0.2765862499945797, 0.257580625009723, 0.2550707920017885, 0.25564966700039804, 0.2563109170005191, 0.2561356249934761, 0.25688024998817127, 0.25616283300041687, 0.2688632920035161, 0.2531851659878157, 0.25406974999350496, 0.2535311250103405, 0.25472604199603666, 0.25477591599337757, 0.2524272500013467, 0.2546086660004221, 0.2547742080059834, 0.26071908400626853, 0.2583148749981774, 0.2550163749983767], "dec": [0.04226162499981001, 0.0422690830018837, 0.04227499999979045, 0.041868332991725765, 0.04228987499664072, 0.0422949579951819, 0.04227649999666028, 0.042297666004742496, 0.04185545899963472, 0.04229783399205189, 0.042222250005579554, 0.04222454199043568, 0.04141829199215863, 0.041964957999880426, 0.04225612500158604, 0.04159079100645613, 0.04232645900628995, 0.042247958001098596, 0.04144854198966641, 0.0415753749985015, 0.04560983298870269, 0.04650329200376291, 0.04222250000748318, 0.04295462499430869, 0.04731041700870264, 0.042395500000566244, 0.04780633299378678, 0.04788333301257808, 0.04284208299941383, 0.042387625013361685, 0.04320924999774434, 0.043515541998203844, 0.04236116699757986, 0.04227208299562335, 0.045844874999602325, 0.04239279200555757, 0.04248983300931286, 0.04349654199904762, 0.042259374997229315, 0.04198304199962877, 0.04228787499596365, 0.04234708400326781, 0.04230712499702349, 0.042305541996029206, 0.04187516600359231, 0.04232587499427609, 0.04334191700036172, 0.04243391599447932, 0.042630666997865774, 0.0422597080032574]}, "opt2": {"enc": [0.0028007920045638457, 0.002799333000439219, 0.002734166002483107, 0.0027973749965894967, 0.002770416991552338, 0.0030134590051602572, 0.002625624998472631, 0.0028018750017508864, 0.002743167002336122, 0.002762042000540532, 0.0024952079984359443, 0.002738708004471846, 0.00293687499652151, 0.002803250012220815, 0.0027596669970080256, 0.0029154170042602345, 0.002895917001296766, 0.0030294579919427633, 0.0028763330046785995, 0.002790749989799224, 0.0030071670043980703, 0.0028593330061994493, 0.002854584003216587, 0.002733583009103313, 0.0031294159998651594, 0.0031322909926529974, 0.0032512909965589643, 0.0030149579979479313, 0.002853375000995584, 0.0028792090015485883, 0.0026775409933179617, 0.0025143339880742133, 0.0027374580095056444, 0.00285854100366123, 0.00314437500492204, 0.0029839589988114312, 0.002813750004861504, 0.0028530410054372624, 0.0031206659914460033, 0.0027420830010669306, 0.0023925840068841353, 0.002862374996766448, 0.0026835409953491762, 0.002867874994990416, 0.0031965419912012294, 0.002842917005182244, 0.0029245409969007596, 0.003001999997650273, 0.002730166001128964, 0.003042541997274384],