{"cheat": true, "no_gnr": 5, "power": 65536, "default_keysize": 2048, "scheme1": {"enc": [0.15419762499368517, 0.1531559159993776, 0.15343187499820488, 0.1544273749968852, 0.15460762499424163, 0.1569958750042133, 0.1534574170000269, 0.1539970000012545, 0.15407787499862025, 0.1551780419977149, 0.15341079200152308, 0.15361275000032037, 0.15305354200245347, 0.15441370899497997, 0.1529577920009615, 0.15398091599490726, 0.15361841700359946, 0.1528887919994304, 0.15337329199974192, 0.15292720799334347, 0.1534596249985043, 0.1534697499955655, 0.15400879200024065, 0.15371379099815385, 0.15341695800452726, 0.15302145799796563, 0.15419887499592733, 0.1528002910054056, 0.15373825000278885, 0.15311625000322238, 0.1527973749980447, 0.15347091700095916, 0.15289162500266684, 0.1524965839998913, 0.15275933299562894, 0.15245799999684095, 0.15534016599849565, 0.15327758400235325, 0.15406458399957046, 0.1543713339997339, 0.15304208299494348, 0.15247200000158045, 0.1536582089975127, 0.15276791700307513, 0.15286420899792574, 0.15456308399734553, 0.15462337500503054, 0.15319637499487726, 0.15294062499742722, 0.15423708299931604], "dec": [0.22727750000194646, 0.22671570900274673, 0.23019037500489503, 0.22918108299927553, 0.22896658300305717, 0.2344522919956944, 0.22916079200513195, 0.23048495799594093, 0.22724554200249258, 0.22733275000064168, 0.22715766700275708, 0.2273581249974086, 0.22741824999684468, 0.22735562500020023, 0.22718408299988369, 0.22843987500527874, 0.22763004199805437, 0.22849762499390636, 0.22882562500308268, 0.22739712500333553, 0.22743416700541275, 0.22835425000084797, 0.2274611670000013, 0.22745433400268666, 0.22707570900092833, 0.22744495900406037, 0.227191917001619, 0.22700662499846658, 0.2273125420033466, 0.2272704579954734, 0.22815033300139476, 0.22704166599578457, 0.22778820799430832, 0.22918566600128543, 0.2304113749996759, 0.22660208299930673, 0.2290145420047338, 0.23084379100328078, 0.23106812500191154, 0.2307941659964854, 0.2271597080034553, 0.22671483399608405, 0.22648070799914422, 0.22657270800118567, 0.22876662500493694, 0.23036237499763956, 0.23102933399786707, 0.23075349999999162, 0.2296630830023787, 0.22858929200447164]}, "scheme3": {"enc": [0.15064579200407024, 0.149222166997788, 0.15039483299915446, 0.15009641600045143, 0.15171420900151134, 0.15114149999863002, 0.15189716599707026, 0.14977783400536282, 0.15066370800195727, 0.15093254199746298, 0.15147166699898662, 0.15028466699732235, 0.15140670899563702, 0.14922408300481038, 0.14922420899529243, 0.14899033300025621, 0.14941949999774806, 0.1498249170035706, 0.14915225000004284, 0.14996116700058337, 0.14955816700239666, 0.148667542001931, 0.1510973330005072, 0.15123750000202563, 0.14995570800238056, 0.1492963329947088, 0.1503168330018525, 0.14937795800506137, 0.14958299999852898, 0.14984525000181748, 0.1522522500017658, 0.15020183299930068, 0.14938212500419468, 0.14858620800077915, 0.1506255409985897, 0.15089395799441263, 0.1494802079978399, 0.1491611669989652, 0.15119762499671197, 0.1493251659994712, 0.14882554199721199, 0.14891424999950686, 0.1498577079983079, 0.14858645900676493, 0.149234875003458, 0.15016641699912725, 0.15150454200193053, 0.15015891600342002, 0.149837375000061, 0.14967641700059175], "dec": [0.0430472079970059, 0.042984541003534105, 0.04297025000414578, 0.04222004199982621, 0.04305529100383865, 0.043004375002055895, 0.043079084003693424, 0.0424447909972514, 0.042844416995649226, 0.043006833002436906, 0.04302350000216393, 0.042987042004824616, 0.04301800000393996, 0.04221670799597632, 0.042238291003741324, 0.04227520800486673, 0.04230808300053468, 0.04220641600113595, 0.04220095899654552, 0.04221220799809089, 0.0423130829949514, 0.04226412499701837, 0.04302866700163577, 0.042329832998802885, 0.04223016699688742, 0.04217633300140733, 0.04218433400092181, 0.04220687499764608, 0.04256529100530315, 0.04245670799718937, 0.04248362500220537, 0.042652166994230356, 0.04247149999719113, 0.042782167001860216, 0.04268562499783002, 0.04303450000588782, 0.04227895900112344, 0.04220354100107215, 0.04297529200266581, 0.04222316700179363, 0.04222712500632042, 0.042229166996548884, 0.04231291700125439, 0.042224582997732796, 0.04223120900132926, 0.04223500000080094, 0.04299462500057416, 0.04224491700006183, 0.04227466599695617, 0.0422234159996151]}, "precompute_gm": {"enc": [0.14483124999969732, 0.14473670900042634, 0.14651687500008848, 0.14458566599932965, 0.14667950000148267, 0.14485012499790173, 0.14576112500071758, 0.14540916599798948, 0.14510124999651453, 0.14611962500202935, 0.14622304200020153, 0.14581429099780507, 0.1445634580013575, 0.14596404199983226, 0.1446732910044375, 0.14652954100165516, 0.14586154199787416, 0.14653729199926602, 0.14470649999566376, 0.14657275000354275, 0.14447483299591113, 0.1457098339960794, 0.14462195800297195, 0.14466200000606477, 0.1467554580012802, 0.1453795839988743, 0.1453374580014497, 0.14567874999920605, 0.14434883399371756, 0.1450603749981383, 0.14658487500128103, 0.14531508299842244, 0.14432083399879048, 0.1449539579989505, 0.14689145800366532, 0.14679350000369595, 0.14583145800133934, 0.1459673749996, 0.14446958299959078, 0.1446008749990142, 0.14596804099710425, 0.1441992910040426, 0.1447420830008923, 0.14481529199838405, 0.1464010830022744, 0.1458290830050828, 0.1444153750053374, 0.1461483750026673, 0.14460929200140527, 0.14595887500036042], "dec": [0.04151520899904426, 0.041462125001999084, 0.04164337499969406, 0.04146441700140713, 0.04222479100280907, 0.04166770799929509, 0.04229429199767765, 0.04147574999660719, 0.04146549999859417, 0.04245033299957868, 0.04164749999472406, 0.041859417004161514, 0.041532250004820526, 0.04143766700144624, 0.041473500001302455, 0.042233000000123866, 0.04144095800438663, 0.04224716700264253, 0.04166095800610492, 0.04224450000037905, 0.04147545900195837, 0.042285540999728255, 0.04143912500148872, 0.041461541994067375, 0.041543999999703374, 0.04171633299847599, 0.04195895799784921, 0.04220658299891511, 0.04152683300344506, 0.041562040998542216, 0.04225849999784259, 0.041431542005739175, 0.04146966600092128, 0.04148075000557583, 0.041735749997315, 0.04224591700040037, 0.042311334000260103, 0.04226924999966286, 0.04145504200278083, 0.04147604100580793, 0.04185000000143191, 0.04145145899383351, 0.04220783300115727, 0.041466041999228764, 0.042313332996855024, 0.04146145899721887, 0.041424249997362494, 0.04223449999699369, 0.04144533300132025, 0.04223087499849498]}, "precompute_gnr": {"enc": [0.002769915998214856, 0.002833500002452638, 0.0025687079978524707, 0.0029402080035652034, 0.0029355840015341528, 0.002673249997314997, 0.0028051249973941594, 0.0027420000042184256, 0.0029025830008322373, 0.0024851659982232377, 0.0028628330037463456, 0.0032056670024758205, 0.002983083002618514, 0.0029179169941926375, 0.0027830839972011745, 0.002624125001602806, 0.0028678340022452176, 0.002784707998216618, 0.002973832997668069, 0.003040666000742931, 0.0028211669996380806, 0.002922542000305839, 0.002921125000284519, 0.002808791999996174, 0.0032275830017169937, 0.003013749999809079, 0.0031962909997673705, 0.002775707995169796, 0.0029284999982337467, 0.0029154580042813905, 0.0028620000011869706, 0.0031014590058475733, 0.002904124994529411, 0.002752250002231449, 0.0030314169998746365, 0.002958750003017485, 0.0028629590015043505, 0.0026540000035311095, 0.002619167004013434, 0.0028471670011640526, 0.002909499999077525, 0.002731583001150284, 0.0028755000021192245, 0.0026541249972069636, 0.002686500003619585, 0.0031725419976282865, 0.0032487499993294477, 0.003148333002172876, 0.0029394589946605265, 0.0031626659983885475],