{"cheat": true, "no_gnr": 5, "power": 65536, "default_keysize": 2048, "scheme1": {"enc": [0.16768120900087524, 0.21348287499858998, 0.2127957499906188, 0.15913020800508093, 0.17800991699914448, 0.1619068750005681, 0.15538595798716415, 0.1572605410037795, 0.15703695800038986, 0.15623270800278988, 0.155228999996325, 0.1564180420100456, 0.15512195900373627, 0.15507545799482614, 0.155422791998717, 0.15883837499131914, 0.19345562500529923, 0.15645066599245183, 0.15654829099366907, 0.15543654200155288, 0.15524574999290053, 0.1550603750074515, 0.15613666699209716, 0.15631370899791364, 0.1563744170125574, 0.15533845899335574, 0.15528337500290945, 0.15567766700405627, 0.15509229099552613, 0.1550321250106208, 0.15507249999791384, 0.15657304199703503, 0.15688354200392496, 0.15557387500302866, 0.1556734170007985, 0.15555475000292063, 0.15619970801344607, 0.15586333299870603, 0.1556997090083314, 0.16749474999960512, 0.15624116599792615, 0.18518720800057054, 0.1561266669887118, 0.15537683399452362, 0.17811008301214315, 0.16132558400568087, 0.15565645800961647, 0.15535333400475793, 0.155120707990136, 0.1550772920018062], "dec": [0.29888729100639466, 0.30445816699648276, 0.24948558400501497, 0.26523254200583324, 0.2371596659941133, 0.2380341249954654, 0.23092158300278243, 0.23360312500153668, 0.23101487499661744, 0.23229391699715052, 0.23216795800544787, 0.23135158298828173, 0.23157441600051243, 0.23110037500737235, 0.23437370799365453, 0.26619091600878164, 0.25010495899186935, 0.2321776669996325, 0.2313552090054145, 0.23095620798994787, 0.232541792007396, 0.23243933399498928, 0.2317983329994604, 0.23194370800047182, 0.2316104999918025, 0.23284808300377335, 0.23206495799240656, 0.23089804100163747, 0.2317654170037713, 0.2314794159901794, 0.23111362500640098, 0.2324808330013184, 0.23212424998928327, 0.23271312499127816, 0.23267045799002517, 0.2319243749952875, 0.23093437499483116, 0.23150054200959858, 0.23112275000312366, 0.27848162499140017, 0.2756716250005411, 0.23519162500451785, 0.24033983300614636, 0.23240466600691434, 0.24377562500012573, 0.25004583298868965, 0.2312749169941526, 0.23107824999897275, 0.23157112499757204, 0.23128845800238196]}, "scheme3": {"enc": [0.002865750007913448, 0.00249408399395179, 0.0023928329901536927, 0.0025427910004509613, 0.002550165998400189, 0.0024569160013925284, 0.0024918330018408597, 0.002482374999090098, 0.002538792003178969, 0.002617624995764345, 0.002241416004835628, 0.0021423750004032627, 0.0024177919985959306, 0.0024116249987855554, 0.0026803330110851675, 0.0020987080060876906, 0.0023253330000443384, 0.0027790829917648807, 0.0024825419968692586, 0.0026404170057503507, 0.00231349999376107, 0.00231687500490807, 0.0026464580005267635, 0.00226341700181365, 0.002383750004810281, 0.00225670900545083, 0.0021457080001709983, 0.0025417079887120053, 0.002616041005239822, 0.0024588749947724864, 0.0022861250035930425, 0.0025872919941321015, 0.002450999993016012, 0.0028169169963803142, 0.0023918329970911145, 0.0026068330043926835, 0.0025769159983610734, 0.0025943329965230078, 0.002294042002176866, 0.0025007089861901477, 0.0025749999913387, 0.0025422920007258654, 0.002344625012483448, 0.002439208998112008, 0.0022350830113282427, 0.002738542010774836, 0.0024754170008236542, 0.002732082997681573, 0.0026500840031076223, 0.002464874996803701], "dec": [0.04311674999189563, 0.04309200000716373, 0.04316695900342893, 0.043027459003496915, 0.04301204199146014, 0.04302270901098382, 0.042972333991201594, 0.04301137498987373, 0.04298804100835696, 0.04299887499655597, 0.0429675839986885, 0.04298654099693522, 0.04290924999804702, 0.044350791999022476, 0.04342879199248273, 0.04299766699841712, 0.042982250000932254, 0.04297666699858382, 0.04299666600127239, 0.04298291599843651, 0.04298979100713041, 0.04300708300434053, 0.04301662500074599, 0.04299066599924117, 0.04290870900149457, 0.04296362500463147, 0.042969292000634596, 0.042982209008187056, 0.04298766699503176, 0.04319633400882594, 0.042960708000464365, 0.042911917000310495, 0.04295358300441876, 0.04299554099270608, 0.04298070901131723, 0.042995666997740045, 0.042982250000932254, 0.042999249999411404, 0.04293649998726323, 0.04289916600100696, 0.04296095900645014, 0.043009832996176556, 0.0429640410002321, 0.04300416600017343, 0.04305499998736195, 0.042957124998793006, 0.042912874996545725, 0.04294775000016671, 0.0429546660016058, 0.04298162501072511]}, "precompute_gm": {"enc": [0.00019312500080559403, 0.00010799999290611595, 0.0001060840004356578, 0.00010804200428538024, 0.00010908300464507192, 0.00010920799104496837, 0.0001102090027416125, 0.00010729099449235946, 0.00010370799282100052, 0.0001408749958500266, 0.00010470900451764464, 0.00010900000052060932, 0.00012604201037902385, 0.00011616700794547796, 0.00010787499195430428, 0.00010720799036789685, 0.00012570800026878715, 0.00010570899758022279, 0.00012612499995157123, 0.00010750000365078449, 0.00010862501221708953, 0.00010891699639614671, 0.00012083300680387765, 0.0001075830077752471, 0.00013483400107361376, 0.00012820899428334087, 0.00010850001126527786, 0.00011083300341852009, 0.00011025001003872603, 0.00011370799620635808, 0.00013908300024922937, 0.0001780419988790527, 0.00010654200741555542, 0.00010904199734795839, 0.00012608300312422216, 0.00011033400369342417, 0.00010979198850691319, 0.00013833299453835934, 0.00013099999341648072, 0.00012774999777320772, 0.00010220799595117569, 0.0001154160127043724, 0.00010525000107008964, 0.00011087500024586916, 0.00011808300041593611, 0.00016008398961275816, 0.00012170799891464412, 0.0001382080081384629, 0.0001340000017080456, 0.0001535420014988631], "dec": [0.04795920899778139, 0.04736145799688529, 0.04552762499952223, 0.042982540995581076, 0.04288270899269264, 0.0425875420041848, 0.04265520800254308, 0.04268012499960605, 0.0427328329969896, 0.04272825000225566, 0.04358983298880048, 0.04479087500658352, 0.04260845799581148, 0.042653582990169525, 0.04312216700054705, 0.042552333005005494, 0.04263483401155099, 0.042563708004308864, 0.042629040995961986, 0.04259404199547134, 0.04700370799400844, 0.04795558299520053, 0.04842350000399165, 0.049186042000656016, 0.044436208001570776, 0.04276087500329595, 0.04324941599043086, 0.04371208399243187, 0.04788824998831842, 0.04906895899330266, 0.04804041699389927, 0.04438754099828657, 0.04286979099560995, 0.044883750000735745, 0.04778574999363627, 0.04766958300024271, 0.0477777909982251, 0.04780016699805856, 0.046506166996550746, 0.043001083002309315, 0.04650154200498946, 0.046661166998092085, 0.046905625000363216, 0.04757362500822637, 0.04958799999440089, 0.04813408300105948, 0.047474624996539205, 0.04742262499348726, 0.0481203329982236, 0.046568916994147]}, "precompute_gnr": {"enc": [0.0033218340104212984, 0.002939166995929554, 0.0028087499958928674, 0.0029759999888483435, 0.0029725829954259098, 0.0028784589958377182, 0.002924457992776297, 0.0029557500092778355, 0.002970500005176291, 0.003032042004633695, 0.0026655419933376834, 0.002574708007159643, 0.0027993749972665682, 0.0028261669940548018, 0.003017750001163222, 0.0025069169932976365, 0.0027636669983621687, 0.0032004579989006743, 0.002914334007073194, 0.0028908329986734316, 0.0027609160024439916, 0.002728292005485855, 0.0030289589922176674, 0.002708500003791414, 0.002763500000583008, 0.0026373750006314367, 0.002572458004578948, 0.0029948749870527536, 0.0030393750057555735, 0.002871499993489124, 0.002707499996176921, 0.0030299170030048117, 0.0028805409965571016, 0.0032400829950347543, 0.002744625002378598, 0.003030791995115578, 0.002984333987114951, 0.0030197909945854917, 0.0027065830072388053, 0.0029011669976171106, 0.003002124998602085, 0.0029417089972412214, 0.0027427909953985363, 0.0028605840052478015, 0.0026402090006740764, 0.003144041998893954, 0.002860042004613206, 0.0031274170032702386, 0.003083833013079129, 0.0028710420010611415],